daily_non_vehicle_traffic,avg_temp_f_daily,total_rain_mm_daily,total_snow_mm_daily,avg_cloud_percent_daily,total_vehicle_volume_daily,date,month,day_of_week,holiday
144,27.641160438939185,0,0,88.4210526315789474,29899,2015-12-25,12,5,Christmas Day
258,25.240991668701223,0,0,86.4583333333333333,51842,2016-12-26,12,1,Christmas Day
203,-1.415501327514607,0,0,39.3333333333333333,45355,2017-12-25,12,1,Christmas Day
635,53.83317882191056,0.5,0,66.5909090909090909,74168,2015-10-12,10,1,Columbus Day
1641,59.94257058848509,0,0,13.0434782608695652,74469,2016-10-10,10,1,Columbus Day
1231,48.68525054931646,0,0,41.4166666666666667,83919,2017-10-09,10,1,Columbus Day
1431,67.80649688720708,0,0,1.00000000000000000000,64366,2015-07-03,7,5,Independence Day
1884,69.6050022888184,0,0,48.3333333333333333,46678,2016-07-04,7,1,Independence Day
1615,75.09500091552736,0,0,20.9583333333333333,51205,2017-07-04,7,2,Independence Day
1130,75.81199844360354,0,0,29.1250000000000000,46016,2018-07-04,7,3,Independence Day
1747,71.91350219726567,0.6000000238418579,0,14.2916666666666667,58327,2015-09-07,9,1,Labor Day
1647,71.34050567626956,21.139999985694885,0,59.6250000000000000,51637,2016-09-05,9,1,Labor Day
1293,64.64524734497076,0,0,35.3750000000000000,57484,2017-09-04,9,1,Labor Day
1303,69.51949661254885,7.56999996304512,0,69.1250000000000000,55770,2018-09-03,9,1,Labor Day
357,22.44425018310551,0,0,51.6666666666666667,68574,2017-01-16,1,1,Martin Luther King Jr Day
455,5.586498718261759,0,0,84.1666666666666667,64253,2018-01-15,1,1,Martin Luther King Jr Day
2500,68.66728550502236,0.25,0,37.5238095238095238,43899,2016-05-30,5,1,Memorial Day
862,57.32074935913089,0,0,74.0416666666666667,52483,2017-05-29,5,1,Memorial Day
1055,82.36497924804691,0,0,36.7500000000000000,51254,2018-05-28,5,1,Memorial Day
539,21.093995361328165,0,0,36.9444444444444444,32976,2016-01-01,1,5,New Years Day
349,29.65699661254887,0,0,90.0000000000000000,50186,2017-01-02,1,1,New Years Day
328,-7.930753250122031,0,0,1.8333333333333333,41984,2018-01-01,1,1,New Years Day
1062,65.46350219726567,0,0,24.3333333333333333,92247,2015-08-27,8,4,State Fair
1727,65.13274505615239,0,0,17.3750000000000000,86688,2016-08-25,8,4,State Fair
1831,64.02200210571293,0,0,53.4166666666666667,93417,2017-08-24,8,4,State Fair
1833,68.32321872877044,0,0,33.2608695652173913,91496,2018-08-23,8,4,State Fair
157,31.889427315848256,0,0,87.8571428571428571,26843,2015-11-26,11,4,Thanksgiving Day
229,34.401353149414106,0,0,89.3181818181818182,41836,2016-11-24,11,4,Thanksgiving Day
307,33.360496978759805,0,0,14.3333333333333333,49271,2017-11-23,11,4,Thanksgiving Day
425,46.656156381460384,0,0,62.1538461538461538,41316,2015-11-11,11,3,Veterans Day
867,41.51150100708013,0,0,2.6250000000000000,82612,2016-11-11,11,5,Veterans Day
606,17.540747528076214,0,0,43.7916666666666667,88966,2017-11-10,11,5,Veterans Day
583,24.107471602590504,0,0,83.7368421052631579,57950,2016-02-15,2,1,Washingtons Birthday
387,53.88920181274417,0,0,76.1666666666666667,74482,2017-02-20,2,1,Washingtons Birthday
478,21.974001007080123,0,0,82.1250000000000000,58947,2018-02-19,2,1,Washingtons Birthday
1325,53.12599533081058,0,0,1.00000000000000000000,82784,2016-11-10,11,4,none
1777,67.30549743652347,0,0,33.0833333333333333,86240,2017-05-26,5,5,none
316,24.736998116629508,0,0,86.4285714285714286,36409,2015-12-24,12,4,none
668,25.857494049072304,0,0,86.6666666666666667,86605,2018-01-25,1,4,none
2134,77.38925292968753,0,0,20.9583333333333333,81927,2015-07-27,7,1,none
665,27.428751831054726,0,0,89.3750000000000000,90924,2017-01-26,1,4,none
1241,57.20404708862309,13.940000176429749,0,32.5000000000000000,83459,2016-10-05,10,3,none
797,29.875997619628947,0,0,68.0416666666666667,83263,2018-04-09,4,1,none
735,29.98744177776839,0,0,6.7826086956521739,89002,2017-02-14,2,2,none
458,34.06925018310551,0,0,9.9166666666666667,60533,2017-02-12,2,0,none
695,45.19142229352683,0,0,90.0000000000000000,53182,2016-03-30,3,3,none
508,-1.285752792358357,0,0,13.2916666666666667,80464,2017-01-04,1,3,none
859,66.63800476074223,40.720000088214874,0,84.4166666666666667,89155,2018-08-24,8,5,none
791,22.133744506835978,0,0,80.4583333333333333,75140,2017-12-09,12,6,none
739,19.863711460658525,0,0,56.9523809523809524,49986,2017-12-05,12,2,none
1041,65.89914411272325,0,0,7.3571428571428571,37630,2015-09-26,9,6,none
1321,82.02274826049809,0,0,52.7916666666666667,67884,2018-06-30,6,6,none
937,29.308247070312536,0,0,6.0416666666666667,78376,2016-11-21,11,1,none
929,37.335999755859426,0,0,15.0000000000000000,59292,2016-03-21,3,1,none
1972,65.75450027465824,0,0,29.7500000000000000,89645,2017-08-15,8,2,none
408,25.053290579659638,0,0,87.8571428571428571,54523,2015-12-17,12,4,none
672,46.5409985351563,0,0,79.0000000000000000,74811,2016-11-28,11,1,none
1565,59.09225128173832,0.30000001192092896,0,30.9583333333333333,83667,2016-09-13,9,2,none
2014,63.5397480773926,0,0,6.2083333333333333,92593,2018-05-15,5,2,none
1402,72.00875137329106,0,0,13.6666666666666667,86766,2015-07-22,7,3,none
592,24.39499633789067,0,0,44.5000000000000000,91525,2017-01-27,1,5,none
531,33.38365016771404,0,0,89.3478260869565217,57452,2018-03-11,3,0,none
694,37.67771554129469,0,0,37.8571428571428571,43201,2016-02-20,2,6,none
629,34.78699615478519,0,0,30.4583333333333333,90093,2017-01-19,1,4,none
2029,66.5352528381348,0,0,8.5000000000000000,73821,2017-05-13,5,6,none
951,68.60825164794926,6.25,0,23.3333333333333333,87806,2015-09-08,9,2,none
1128,44.25574844360355,0,0,56.2083333333333333,87954,2017-03-27,3,1,none
1886,75.20300109863285,0,0,5.6666666666666667,93482,2017-09-14,9,4,none
1942,73.7575465531783,0,0,52.0454545454545455,75488,2017-07-10,7,1,none
430,-1.4552523803710529,0,0,33.7500000000000000,63919,2018-01-06,1,6,none
790,36.989270130504295,0,0,66.3181818181818182,82024,2016-04-06,4,3,none
1866,70.75175064086918,0,0,26.0000000000000000,93655,2018-05-18,5,5,none
479,32.15922316331134,0,0,1.3076923076923077,50438,2015-12-04,12,5,none
1504,78.60049789428716,0,0,22.5416666666666667,81971,2017-07-05,7,3,none
338,12.967251281738323,0,0,7.3333333333333333,55793,2017-01-15,1,0,none
1630,68.3465046691895,0,0,80.2083333333333333,82096,2016-07-28,7,4,none
915,54.603502197265676,0.25,0,12.7000000000000000,78425,2015-10-21,10,3,none
1144,49.64317246380978,0,0,86.1764705882352941,67128,2017-04-13,4,4,none
1401,71.51000382133158,0.25,0,9.4782608695652174,82827,2015-08-10,8,1,none
1087,69.87982618248986,15.619999647140503,0,7.6086956521739130,79276,2015-06-29,6,1,none
706,27.918501739501995,0,0,70.7083333333333333,76598,2017-12-11,12,1,none
674,26.3644993591309,0,0,52.0000000000000000,83906,2018-02-23,2,5,none
856,31.381341711956566,0,0,90.0000000000000000,87541,2016-12-02,12,5,none
1451,62.173996429443385,0,0,35.6666666666666667,58927,2017-05-28,5,0,none
909,26.778503112793018,0,0,48.7083333333333333,83496,2017-11-06,11,1,none
959,46.28390197753912,0,0,5.4500000000000000,75393,2015-10-22,10,4,none
1456,73.63625000000003,0.30000001192092896,0,47.0416666666666667,65173,2015-07-11,7,6,none
1241,75.85774505615237,2.529999941587448,0,9.5833333333333333,90583,2015-08-13,8,4,none
1301,79.64674423217777,0,0,44.3750000000000000,86843,2018-07-12,7,4,none
1782,62.18027132901283,0,0,8.9545454545454545,88261,2016-04-14,4,4,none
644,42.04913234165741,0,0,1.2857142857142857,42169,2015-11-14,11,6,none
1418,73.65799835205081,0,0,39.1666666666666667,87731,2017-07-18,7,2,none
1263,70.82599533081058,16.59999978542328,0,58.5000000000000000,82437,2016-08-12,8,5,none
931,63.054497985839895,0,0,85.2083333333333333,87518,2017-05-17,5,3,none
1734,55.40224807739262,0,0,24.7083333333333333,90805,2017-10-19,10,4,none
358,1.722498397827189,0,0,3.9583333333333333,65994,2017-01-07,1,6,none
1989,67.22149780273442,0,0,38.4583333333333333,83829,2017-07-24,7,1,none
948,59.0239964294434,0,0,83.5416666666666667,67120,2017-10-01,10,0,none
1954,72.86299560546878,0,0,18.5416666666666667,92753,2017-07-28,7,5,none
1284,52.89124496459965,0,0,47.4166666666666667,67394,2018-05-12,5,6,none
709,33.455428989955394,0,0,62.6190476190476190,79465,2016-04-05,4,2,none
2046,71.04499862670902,0,0,20.3333333333333333,86574,2018-07-17,7,2,none
637,28.986498718261757,0,0,78.7916666666666667,72727,2018-04-16,4,1,none
510,28.638497619628946,0,0,35.6250000000000000,81022,2016-12-28,12,3,none
711,30.52099807739262,0,0,12.7916666666666667,88534,2016-12-20,12,2,none
623,32.74399002075199,0,0,60.3333333333333333,85402,2016-12-21,12,3,none
1907,64.61824386596685,0,0,3.0833333333333333,93349,2016-06-08,6,3,none
935,51.88399551391604,10.48999997973442,0,90.0000000000000000,87038,2016-05-10,5,2,none
1594,56.68475082397466,0,0,26.1666666666666667,58399,2018-05-13,5,0,none
619,25.88524139404301,0,0,31.9166666666666667,70147,2018-02-17,2,6,none
1366,41.901279907226595,0,0,40.6428571428571429,37607,2016-04-03,4,0,none
1875,62.312003021240265,0,0,4.0833333333333333,67655,2018-09-08,9,6,none
1512,73.47799652099614,0,0,17.8750000000000000,57769,2015-08-01,8,6,none
590,0.8937538909912514,0,0,42.3333333333333333,92177,2018-02-02,2,5,none
1793,74.73499496459965,0,0,42.3333333333333333,82409,2016-06-18,6,6,none
1090,39.36762664794925,0,0,0.00000000000000000000,84043,2016-10-13,10,4,none
1858,70.5312504577637,0,0,5.0000000000000000,78747,2016-08-15,8,1,none
1933,66.49775054931645,0,0,20.0000000000000000,88640,2018-07-27,7,5,none
1054,61.196000366210974,0,0,83.3333333333333333,82639,2017-10-02,10,1,none
1603,68.97574890136724,0,0,34.5000000000000000,87082,2018-08-03,8,5,none
1389,80.62775009155276,0,0,48.3750000000000000,69344,2016-06-25,6,6,none
376,-10.373504943847617,0,0,2.3333333333333333,51843,2017-12-31,12,0,none
1872,66.59524734497074,0,0,21.1250000000000000,90535,2017-08-22,8,2,none
651,35.14775054931645,0,0,47.8333333333333333,61281,2018-03-25,3,0,none
1216,72.70099761962895,13.990000128746033,0,40.1666666666666667,61003,2018-09-02,9,0,none
1581,75.71825073242191,0.30000001192092896,0,7.3750000000000000,41370,2015-07-25,7,6,none
1371,73.13860277258834,0,0,2.6956521739130435,86105,2015-07-30,7,4,none
725,31.285987548828164,0,0,27.8750000000000000,85539,2017-02-10,2,5,none
825,36.26075485229496,0,0,89.3750000000000000,79600,2016-11-29,11,2,none
441,24.455748443603554,0,0,75.7083333333333333,58282,2017-12-17,12,0,none
1094,55.228242950439494,0.25,0,13.2916666666666667,45574,2015-09-12,9,6,none
846,35.81974761962895,0,0,84.2083333333333333,85246,2017-10-30,10,1,none
647,19.40975311279301,0,0,73.9166666666666667,84280,2018-01-24,1,3,none
801,23.329249267578167,0,0,26.0416666666666667,94875,2018-03-09,3,5,none
547,36.37261944110581,0,0,16.8461538461538462,43948,2015-11-13,11,5,none
482,32.43891817533057,0,0,59.4615384615384615,45905,2015-11-19,11,4,none
1216,77.50002258300786,0,0,26.5833333333333333,57775,2018-05-27,5,0,none
679,43.38424652099613,0,0,81.7083333333333333,82964,2017-04-10,4,1,none
1754,59.156750183105494,0,0,45.2500000000000000,70760,2017-06-24,6,6,none
1206,61.29500549316409,0.30000001192092896,0,5.7083333333333333,56216,2015-09-13,9,0,none
1020,35.55341021369489,0,0,35.4705882352941176,65649,2016-04-12,4,2,none
1297,72.39800384521487,0,0,16.9166666666666667,83472,2015-07-20,7,1,none
1252,65.17699707031254,0,0,5.8750000000000000,86035,2015-07-02,7,4,none
830,33.98974121093754,0,0,73.5416666666666667,88410,2018-04-10,4,2,none
640,15.196253662109411,0,0,72.7916666666666667,65681,2018-01-11,1,4,none
1213,45.39499862670905,0,0,55.9583333333333333,94693,2017-10-26,10,4,none
2151,67.09569240404218,0,0,32.2826086956521739,79679,2016-06-29,6,3,none
1524,47.77775238037114,0,0,15.2500000000000000,74989,2017-04-01,4,6,none
1051,43.33357142857147,0,0,85.3571428571428571,46632,2016-04-26,4,2,none
435,46.29275100708012,0,0,89.3750000000000000,65952,2017-05-20,5,6,none
1978,71.97124908447269,0,0,38.6666666666666667,89136,2017-08-02,8,3,none
1176,62.35624816894535,15.259999871253967,0,73.0416666666666667,82566,2016-09-15,9,4,none
414,26.431069993239227,0,0,68.3076923076923077,28628,2016-01-03,1,0,none
748,28.31449707031254,0,0,17.2083333333333333,81109,2018-01-08,1,1,none
395,50.3240078735352,0,0,90.0000000000000000,35518,2015-11-16,11,1,none
1328,73.24519165039067,0,0,88.0000000000000000,2909,2015-06-14,6,0,none
1955,73.46000183105473,0,0,22.5000000000000000,89316,2017-09-13,9,3,none
1171,42.90199478149418,0,0,38.9166666666666667,83733,2016-11-15,11,2,none
1110,53.5737477111817,0,0,67.2916666666666667,92586,2017-10-06,10,5,none
1669,70.17174008576771,3.459999918937683,0,5.9130434782608696,63845,2015-06-27,6,6,none
664,33.593743591308645,0,0,71.4583333333333333,73939,2016-11-22,11,2,none
608,5.990746383667034,0,0,28.2916666666666667,90607,2018-02-09,2,5,none
1478,79.31374176025395,0,0,33.5833333333333333,75835,2017-09-23,9,6,none
1106,57.02824981689457,11.129999935626984,0,62.3333333333333333,85210,2016-05-09,5,1,none
1309,71.21450393676763,4.089999973773956,0,28.5416666666666667,84842,2015-07-15,7,3,none
2038,74.50324066162113,0,0,27.6666666666666667,91944,2016-05-06,5,5,none
1502,73.97449844360357,0,0,20.0000000000000000,87818,2015-07-10,7,5,none
1486,65.26549423217777,0,0,53.7083333333333333,65361,2017-06-18,6,0,none
1646,56.39217803955082,0,0,47.3750000000000000,90227,2018-05-02,5,3,none
681,16.4307857612942,0,0,58.4782608695652174,88866,2016-02-05,2,5,none
1787,78.27575119018557,0,0,42.8750000000000000,88173,2018-07-11,7,3,none
740,51.518299560546915,0,0,1.00000000000000000000,70811,2015-10-01,10,4,none
1105,62.05656991141187,2.4149999618530273,0,79.9285714285714286,51961,2016-05-28,5,6,none
552,25.315993957519563,0,0,47.4583333333333333,62489,2018-03-31,3,6,none
2229,73.6505001831055,0,0,44.5833333333333333,89434,2017-06-14,6,3,none
576,2.211502151489299,0,0,44.4166666666666667,77155,2018-01-02,1,2,none
1085,45.11150100708013,0,0,32.0000000000000000,84161,2017-11-27,11,1,none
1004,44.57374771118168,0,0,42.5416666666666667,77763,2016-11-14,11,1,none
353,26.48749359130864,0,0,42.2500000000000000,51063,2017-01-01,1,0,none
1843,65.39975631713871,0,0,7.4583333333333333,75614,2016-08-31,8,3,none
1818,55.35875137329106,0,0,9.8750000000000000,91614,2016-05-04,5,3,none
1338,67.9504956054688,0,0,78.1666666666666667,87223,2018-06-26,6,2,none
1113,73.3857456970215,0.550000011920929,0,19.8333333333333333,88960,2015-08-31,8,1,none
609,33.11224716186528,0,0,54.8750000000000000,74675,2017-03-18,3,6,none
1811,73.39024551391604,1.0099999904632568,0,22.2500000000000000,88342,2018-09-13,9,4,none
465,17.188246612548863,0,0,75.0833333333333333,62130,2018-01-28,1,0,none
837,35.476997070312535,0,0,90.0000000000000000,84635,2016-12-01,12,4,none
1981,59.25499771118168,0,0,27.7916666666666667,95033,2016-05-05,5,4,none
796,29.278995971679723,0,0,36.7083333333333333,88951,2017-03-22,3,3,none
1823,75.82550018310552,0,0,12.9583333333333333,61143,2016-06-26,6,0,none
753,69.5007511901856,0,0,53.0000000000000000,57854,2017-06-11,6,0,none
1284,47.096602117365094,0,0,10.7272727272727273,74712,2016-10-19,10,3,none
493,-0.620155874398998,0,0,38.2307692307692308,45533,2016-01-19,1,2,none
1379,51.04624679565435,0,0,24.5416666666666667,89227,2017-04-04,4,2,none
617,34.20574157714847,0,0,13.3333333333333333,66293,2017-11-25,11,6,none
946,44.30923161433297,3.5000000596046448,0,35.9230769230769231,52746,2016-04-27,4,3,none
1547,47.63449523925785,0,0,9.1666666666666667,64705,2018-04-22,4,0,none
1502,59.48449981689456,0,0,14.0000000000000000,68254,2016-10-01,10,6,none
1973,68.53624542236334,0,0,73.6666666666666667,90884,2017-06-29,6,4,none
725,75.99200027465825,47.09999990463257,0,40.4166666666666667,84090,2015-07-28,7,2,none
703,27.15199249267583,0,0,5.7083333333333333,82324,2018-02-26,2,1,none
966,66.61774642944339,0.5800000131130219,0,24.6250000000000000,92976,2015-08-28,8,5,none
1710,69.37775009155278,0,0,24.0000000000000000,93245,2017-08-30,8,3,none
764,62.509251098632866,0,0,66.8750000000000000,67919,2017-10-21,10,6,none
1502,73.1839932250977,0,0,49.3333333333333333,87917,2017-07-25,7,2,none
569,2.93974578857426,0,0,22.5416666666666667,81802,2018-01-03,1,3,none
1321,56.23034285835602,0,0,78.2608695652173913,89386,2016-04-20,4,3,none
1426,57.15199935913091,0,0,22.4166666666666667,55976,2018-05-20,5,0,none
1809,63.967995147705125,0,0,10.7500000000000000,91508,2017-08-23,8,3,none
1670,65.84374816894535,0,0,61.5416666666666667,90949,2017-08-10,8,4,none
953,72.41974761962894,0,0,50.7500000000000000,65779,2018-08-04,8,6,none
960,45.06935928344729,0,0,57.0000000000000000,79022,2016-10-12,10,3,none
1687,76.44874313354498,0,0,23.6250000000000000,88957,2018-08-09,8,4,none
596,18.891841759314946,0,0,82.3076923076923077,47654,2016-01-22,1,5,none
1284,52.80469100952153,0,0,6.2083333333333333,83787,2016-11-01,11,2,none
809,36.407745056152386,0,0,71.8333333333333333,92110,2017-11-17,11,5,none
2026,63.80824020385747,0,0,56.5416666666666667,90198,2017-08-04,8,5,none
1393,69.42356636379081,0,0,4.5652173913043478,39648,2015-10-11,10,0,none
1776,63.13099487304691,0,0,16.8750000000000000,58872,2018-05-06,5,0,none
1217,39.8624096679688,0,0,6.0000000000000000,77637,2016-10-24,10,1,none
659,23.810001831054723,0,0,36.2083333333333333,82586,2017-02-06,2,1,none
1588,69.32000320434575,0,0,23.2500000000000000,51552,2016-07-03,7,0,none
1964,69.71150100708012,0,0,0.33333333333333333333,94233,2016-06-16,6,4,none
1465,72.28850219726567,3.049999952316284,0,68.4583333333333333,81241,2016-07-07,7,4,none
697,34.55199401855472,0,0,28.8333333333333333,72586,2018-03-24,3,6,none
1534,53.707996063232464,0,0,1.8333333333333333,63544,2018-04-29,4,0,none
1181,43.10364515221641,0,0,2.8695652173913043,86714,2017-04-06,4,4,none
1503,76.95424468994145,0,0,32.3333333333333333,59741,2018-07-15,7,0,none
1656,71.06674926757815,0,0,26.9583333333333333,92573,2018-05-17,5,4,none
1396,78.50824478149418,0.6000000238418579,0,1.1666666666666667,68999,2015-08-15,8,6,none
710,39.06949890136723,0,0,90.0000000000000000,72096,2017-03-25,3,6,none
709,37.852998809814494,0,0,90.0000000000000000,82861,2017-05-01,5,1,none
719,39.41149185180668,0,0,16.8333333333333333,62760,2017-03-19,3,0,none
879,42.91549652099613,0,0,89.3750000000000000,93986,2017-03-30,3,4,none
961,36.157245330810575,0,0,69.1250000000000000,93669,2017-03-17,3,5,none
1645,76.74875000000004,0,0,28.5000000000000000,84666,2017-07-17,7,1,none
530,0.3912438201904709,0,0,59.4166666666666667,74327,2017-12-29,12,5,none
720,48.2263054950421,0,0,1.9230769230769231,29527,2015-11-08,11,0,none
1110,61.56725128173832,15.130000114440918,0,83.1666666666666667,81659,2016-09-23,9,5,none
407,22.149854266826967,0,0,30.5384615384615385,40891,2015-11-21,11,6,none
321,28.83957802220398,0,0.3199999928474426,88.4210526315789474,36143,2015-12-26,12,6,none
1328,66.85178473221632,0.550000011920929,0,17.0000000000000000,71149,2015-06-30,6,2,none
1157,68.08174789428716,0,0,53.4583333333333333,86669,2017-05-16,5,2,none
1472,43.30013767787392,0,0,3.7857142857142857,41566,2016-02-27,2,6,none
553,23.620249633789104,0,0,72.3750000000000000,79753,2017-02-07,2,2,none
729,29.569216149371645,0,0,31.7391304347826087,86436,2018-01-18,1,4,none
985,51.75773941703469,0.5300000011920929,0,47.6521739130434783,74279,2016-09-27,9,2,none
667,24.780930965648018,0,0,48.8823529411764706,61120,2016-01-05,1,2,none
560,42.489832294170725,0,0,90.0000000000000000,46928,2015-10-29,10,4,none
1961,71.86925018310552,0,0,39.9583333333333333,91149,2018-06-14,6,4,none
899,60.30263215717521,0,0,13.8947368421052632,62031,2015-10-19,10,1,none
355,33.78799560546879,2.8899999856948853,1.2099999748170376,88.7500000000000000,39685,2015-12-23,12,3,none
1187,71.35475128173833,3.809999942779541,0,35.6666666666666667,68759,2015-08-08,8,6,none
625,28.897170715332066,0,0,90.1666666666666667,81531,2017-01-25,1,3,none
1776,78.47299926757815,0,0,45.9166666666666667,83646,2016-08-02,8,2,none
1834,77.25799377441412,0,0,22.4166666666666667,69391,2017-07-22,7,6,none
1694,73.67599533081058,0,0,57.5416666666666667,51310,2016-07-31,7,0,none
1882,69.7039982604981,0,0,15.8750000000000000,90498,2017-09-12,9,2,none
1009,74.31350219726566,0.30000001192092896,0,37.7083333333333333,94326,2015-09-03,9,4,none
971,51.66756452287951,0,0,88.9285714285714286,47717,2016-03-14,3,1,none
603,38.5470865145597,0,0,1.00000000000000000000,26585,2015-10-17,10,6,none
837,43.84280029296879,0,0,80.0666666666666667,60228,2016-03-31,3,4,none
1310,75.23975265502933,0.30000001192092896,0,12.6666666666666667,56563,2015-07-05,7,0,none
1250,65.66450393676763,2.8299999237060547,0,63.4583333333333333,82486,2016-09-16,9,5,none
1429,74.15450027465823,0,0,50.8333333333333333,88224,2018-07-13,7,5,none
546,22.591995697021527,0,0,18.0416666666666667,91641,2017-03-02,3,4,none
1160,68.59324386596684,0,0,57.7500000000000000,86172,2017-08-21,8,1,none
1469,57.100253753662166,0,0,40.0000000000000000,84316,2017-05-08,5,1,none
719,29.245217391304386,0,0,84.1739130434782609,76504,2018-03-10,3,6,none
570,37.177072190504845,0,0,19.2307692307692308,45079,2015-12-09,12,3,none
2089,73.4457493591309,0,0,41.7500000000000000,80916,2016-07-06,7,3,none
1725,69.76100357055667,0,0,10.5000000000000000,58705,2016-08-14,8,0,none
589,30.82098663330082,0,0,77.7916666666666667,51036,2018-01-22,1,1,none
718,18.076999359130898,0,0,38.3750000000000000,89692,2018-02-13,2,2,none
908,39.37112018087639,0,0,9.4782608695652174,70308,2016-10-08,10,6,none
634,12.974747161865276,0,0,2.0000000000000000,92496,2017-02-03,2,5,none
1870,70.38979527064737,0,0,36.5714285714285714,68582,2018-08-07,8,2,none
1799,64.6729969787598,0,0,13.1250000000000000,84265,2018-09-10,9,1,none
1782,65.95099533081058,0.6000000238418579,0,55.1666666666666667,95360,2016-06-23,6,4,none
1562,59.63899505615239,0,0,6.0000000000000000,59810,2016-10-02,10,0,none
1610,58.78549468994144,0,0,52.9166666666666667,88693,2017-05-09,5,2,none
864,72.65750000000004,4.830000072717667,0,52.3500000000000000,86892,2015-09-02,9,3,none
461,23.05924423217777,0,0,44.2500000000000000,55926,2018-04-08,4,0,none
985,47.7102482604981,0,0,60.4583333333333333,77217,2017-10-14,10,6,none
711,29.126744918823277,0,0,67.3750000000000000,62288,2016-02-25,2,4,none
133,33.76324890136723,0,0,90.0000000000000000,34875,2016-12-25,12,0,none
1128,71.99417846679691,0,0,88.0000000000000000,4045,2015-06-20,6,6,none
248,18.306736610814184,0,0,37.1052631578947368,42881,2015-12-27,12,0,none
680,25.117995147705116,0,0,66.0000000000000000,85127,2017-12-13,12,3,none
2069,71.185241394043,0,0,67.5000000000000000,89106,2018-06-12,6,2,none
712,32.431992034912156,0,0,43.1250000000000000,73397,2018-01-20,1,6,none
807,47.46349761962895,0,0,16.8750000000000000,66173,2017-11-24,11,5,none
1837,69.057498626709,0,0,34.6666666666666667,90477,2017-07-19,7,3,none
1599,70.74656029742701,1.5299999713897705,0,55.7826086956521739,79727,2016-08-24,8,3,none
372,16.875493316650434,0,0,69.6666666666666667,50993,2017-12-24,12,0,none
423,27.307249908447304,0,0,90.0833333333333333,27454,2018-04-14,4,6,none
1370,56.68836257934574,0,0,35.0000000000000000,85816,2016-10-28,10,5,none
845,54.272752838134814,0.6000000238418579,0,25.7916666666666667,87828,2015-09-11,9,5,none
1463,67.85824935913091,1.2000000476837158,0,7.3333333333333333,85946,2015-08-04,8,2,none
1408,64.89349716186526,8.049999713897705,0,47.0833333333333333,82608,2018-09-24,9,1,none
1690,70.13825119018558,0.7599999904632568,0,56.6250000000000000,80076,2016-07-08,7,5,none
1813,60.11300476074223,0,0,34.6666666666666667,89380,2016-05-19,5,4,none
459,32.39045579176687,0,0,90.0000000000000000,48057,2015-12-15,12,2,none
1286,79.30774734497074,0,0,21.2500000000000000,59003,2018-09-16,9,0,none
1630,68.7500004577637,0,0,12.7083333333333333,67090,2017-05-14,5,0,none
1009,29.516000823974654,0,0,47.7083333333333333,87651,2017-11-07,11,2,none
1555,70.45100219726568,0,0,60.4583333333333333,71852,2017-09-16,9,6,none
725,19.958782322095825,0,0,33.9565217391304348,91427,2017-11-09,11,4,none
773,49.198299748347395,0,0,25.2307692307692308,47645,2015-11-10,11,2,none
633,7.228245239257852,0,0,45.1250000000000000,82844,2018-02-07,2,3,none
763,37.07599220969464,0,0,74.9090909090909091,81520,2016-03-17,3,4,none
794,35.64950531005863,0,0,68.7500000000000000,86115,2018-01-10,1,3,none
1637,55.00869421917463,0,0,19.2173913043478261,88990,2017-09-27,9,3,none
543,14.07199981689457,0,0,45.7916666666666667,79052,2017-03-11,3,6,none
577,34.15699661254887,0,0,90.0000000000000000,75985,2016-11-23,11,3,none
752,30.946246795654332,0,0,35.2916666666666667,88569,2018-02-27,2,2,none
733,32.64136217619247,0,0,87.1578947368421053,67966,2016-03-18,3,5,none
395,-5.7070037078857,0,0,2.6666666666666667,63585,2018-01-13,1,6,none
625,8.412499313354532,0,0,66.1666666666666667,89300,2018-02-08,2,4,none
725,33.25099042619981,0,0,27.0714285714285714,48940,2016-02-18,2,4,none
1104,44.09499633789067,0,0,28.0555555555555556,45928,2016-04-10,4,0,none
915,67.20705078125005,0,0,49.5789473684210526,63081,2015-09-22,9,2,none
1073,43.06624038696293,0,0,42.4166666666666667,94803,2017-03-31,3,5,none
376,4.577002792358439,0,0,65.6666666666666667,49717,2018-01-14,1,0,none
1361,67.11885672433041,4.629999995231628,0,54.7380952380952381,73755,2016-05-25,5,3,none
1727,70.76750228881839,0,0,31.5833333333333333,63928,2018-07-22,7,0,none
1969,72.4384953308106,0,0,13.1250000000000000,85180,2018-07-31,7,2,none
861,43.198703460693416,0,0,90.0000000000000000,79207,2016-10-26,10,3,none
523,-2.2509989929198806,0,0,40.0000000000000000,84846,2018-01-04,1,4,none
990,41.06299789428714,0,0,55.4583333333333333,93145,2018-04-12,4,4,none
540,55.34129813816241,19.789999842643738,0,69.9130434782608696,59557,2016-04-24,4,0,none
591,32.95474670410161,0,0,60.0833333333333333,61415,2018-03-18,3,0,none
1496,53.77295272827152,0,0,12.3333333333333333,83107,2016-10-18,10,2,none
1815,68.00599945068362,0.30000001192092896,0,44.0000000000000000,76696,2016-07-29,7,5,none
1258,78.89900329589848,1.2000000476837158,0,1.0833333333333333,88084,2015-08-14,8,5,none
1458,50.17699707031253,0,0,3.3750000000000000,84387,2016-11-04,11,5,none
1767,63.75875366210943,0,0,19.0000000000000000,83832,2016-09-02,9,5,none
1578,65.3127514648438,0,0,61.5833333333333333,89106,2017-08-28,8,1,none
1264,63.83495738153877,0.30000001192092896,0,10.8260869565217391,82105,2015-07-01,7,3,none
688,29.870712603400776,0,0,61.1176470588235294,62903,2016-01-28,1,4,none
754,28.705997161865266,0,0,1.8333333333333333,86664,2018-02-14,2,3,none
1707,70.52653549194339,0,0,46.5000000000000000,57320,2016-07-17,7,0,none
906,34.365494232177774,0,0,24.7083333333333333,91521,2017-11-29,11,3,none
1325,39.97399299621586,0,0,27.1875000000000000,54804,2016-03-28,3,1,none
621,8.474000244140665,0,0,54.5555555555555556,61890,2016-02-11,2,4,none
647,31.48200195312504,0,0,84.2222222222222222,52547,2016-03-19,3,6,none
499,23.623996429443395,0,0,25.5416666666666667,72214,2017-02-25,2,6,none
1641,75.54799926757816,0,0,51.0833333333333333,93039,2017-07-26,7,3,none
470,19.599281005859417,0,0,87.8571428571428571,40327,2016-01-23,1,6,none
1449,69.82399871826176,0.8100000023841858,0,4.2500000000000000,85680,2015-08-11,8,2,none
740,32.67851658033292,0,0,40.2173913043478261,71349,2017-11-11,11,6,none
715,21.268995361328166,0,0,44.8888888888888889,54927,2016-02-17,2,3,none
2143,65.36974761962894,0,0,33.9583333333333333,82587,2016-06-28,6,2,none
1672,72.562251739502,0,0,26.6250000000000000,66849,2017-07-30,7,0,none
356,16.444860202955205,0,0,56.3913043478260870,55295,2017-03-12,3,0,none
662,37.808746795654336,0,0,87.3750000000000000,92481,2017-03-23,3,4,none
1463,55.58673828125004,0,0,20.6250000000000000,79488,2017-09-30,9,6,none
1814,73.8237522888184,0,0,11.8750000000000000,83653,2018-07-16,7,1,none
409,34.219994049072305,0,0,81.3333333333333333,56444,2016-11-25,11,5,none
756,77.85425613403324,11.699999630451202,0,51.6666666666666667,59227,2015-09-06,9,0,none
718,29.365998535156287,0,0,6.3809523809523810,62106,2016-04-09,4,6,none
1123,61.824503021240275,0,0,28.5000000000000000,91338,2015-08-20,8,4,none
2096,68.78704956054692,0,0,47.0000000000000000,77057,2016-07-18,7,1,none
679,29.494721679687544,0,0,90.0000000000000000,43727,2016-03-03,3,4,none
562,25.97149780273442,0,0,70.8333333333333333,72645,2017-01-28,1,6,none
1387,73.58675430297856,0.6000000238418579,0,1.00000000000000000000,86918,2015-07-23,7,4,none
1041,42.72373016357427,0,0,43.5000000000000000,84421,2016-10-27,10,4,none
1722,53.87900512695317,0,0,27.4166666666666667,87076,2016-05-17,5,2,none
1281,84.98749359130862,0,0,19.8333333333333333,90578,2018-06-29,6,5,none
1614,71.38475540161137,33.67999994754791,0,25.0000000000000000,91163,2016-06-09,6,4,none
795,18.87124450683598,0,0,10.8750000000000000,92419,2018-03-08,3,4,none
1398,61.05424697875981,0.6000000238418579,0,10.5833333333333333,84266,2015-07-07,7,2,none
529,33.70639648437504,0,0,11.6666666666666667,35450,2016-01-31,1,0,none
2134,68.04859207153325,0,0,19.7500000000000000,90678,2017-06-21,6,3,none
681,19.801248626709025,0,0,20.0833333333333333,92049,2018-04-06,4,5,none
1752,59.59849899291996,0,0,52.7083333333333333,91735,2017-09-28,9,4,none
1541,72.41075256347662,0,0,1.00000000000000000000,64483,2015-07-19,7,0,none
619,35.72223709106449,0,0,90.0000000000000000,87391,2017-01-20,1,5,none
1453,68.68099945068363,0.30000001192092896,0,24.1666666666666667,89488,2015-07-09,7,4,none
509,37.74199798583988,0,0,86.2500000000000000,58320,2018-03-04,3,0,none
552,28.757747344970742,0,0,22.7916666666666667,60583,2017-11-12,11,0,none
594,13.877752380371135,0,0,20.2500000000000000,78313,2016-12-19,12,1,none
1406,46.17050064086919,0,0,9.4583333333333333,89395,2018-04-25,4,3,none
1598,70.56049697875982,0.5099999904632568,0,18.6666666666666667,61953,2016-06-12,6,0,none
1051,39.403123329564195,0,0,16.2105263157894737,69895,2016-10-20,10,4,none
428,34.44349716186528,0,0,79.8750000000000000,55194,2016-11-27,11,0,none
561,1.5597485351562905,0,0,11.7083333333333333,88945,2018-02-01,2,4,none
1206,46.411254577636754,0,0,16.5833333333333333,80097,2016-11-16,11,3,none
1927,75.03574569702154,0,0,35.4583333333333333,90790,2017-07-20,7,4,none
1369,45.73099945068363,0,0,38.9583333333333333,89855,2017-10-25,10,3,none
872,52.911843449519274,0,0,16.8461538461538462,46063,2015-11-02,11,1,none
1509,33.747497253418004,0,0,2.1666666666666667,77456,2018-03-17,3,6,none
1074,43.081998901367236,0,0,54.2916666666666667,89760,2017-03-29,3,3,none
1513,80.15225036621098,0,0,22.0000000000000000,72216,2016-06-19,6,0,none
1428,50.17999771118168,0,0,30.0833333333333333,88022,2017-04-17,4,1,none
630,28.525253753662152,0,0,44.5000000000000000,91566,2017-03-08,3,3,none
1280,48.119747619628946,0,0,63.0000000000000000,89806,2017-05-02,5,2,none
1306,62.804746704101625,0,0,49.3333333333333333,85887,2018-05-14,5,1,none
1801,61.39249771118168,0,0,52.8333333333333333,64723,2018-06-03,6,0,none
640,51.50772129603801,0,0,17.3333333333333333,83807,2015-10-15,10,4,none
632,19.532923583984417,0,0,72.4615384615384615,47371,2016-01-15,1,5,none
565,7.11799514770512,0,0,17.2916666666666667,90967,2017-02-08,2,3,none
661,34.3452496337891,0,0,71.7500000000000000,84757,2017-01-31,1,2,none
1976,71.40424468994145,0,0,63.9166666666666667,90191,2018-06-27,6,3,none
1543,69.81049926757817,0,0,12.5416666666666667,66080,2017-09-03,9,0,none
1831,70.39774826049809,0,0,39.7500000000000000,89692,2018-05-23,5,3,none
1484,70.00549057006839,0,0,62.6250000000000000,83574,2017-06-12,6,1,none
1837,67.5180508422852,0.5,0,65.3333333333333333,92039,2016-06-15,6,3,none
1663,56.96750457763677,0,0,25.2500000000000000,61542,2017-09-17,9,0,none
1139,63.382247619628934,5.289999932050705,0,61.0000000000000000,83054,2016-10-04,10,2,none
988,61.94261251698373,6.7149999141693115,0,64.0000000000000000,57460,2016-09-25,9,0,none
777,47.69225357055668,0.25,0,85.6250000000000000,60103,2018-09-30,9,0,none
1393,73.28437058668874,0,0,38.4615384615384615,44438,2015-06-25,6,4,none
1068,77.35139149541445,9.90999984741211,0,51.7826086956521739,54144,2015-07-12,7,0,none
444,50.54600036621097,0,0,87.5000000000000000,43146,2015-11-18,11,3,none
327,14.65117453182449,0,0,68.0588235294117647,52349,2015-12-31,12,4,none
1142,61.74792602539065,0,0,51.0000000000000000,79954,2016-10-17,10,1,none
622,28.72400491153497,0.25,0.25,58.5882352941176471,55245,2016-01-06,1,3,none
796,68.62174880981449,5.129999965429306,0,74.0833333333333333,86824,2015-07-16,7,4,none
502,41.136503295898486,0,0,88.7500000000000000,44707,2015-11-12,11,4,none
1518,62.185996704101605,0.25,0,27.7083333333333333,60741,2018-09-23,9,0,none
2069,72.89449890136724,0,0,7.0833333333333333,87191,2018-07-24,7,2,none
1721,70.18324249267583,0,0,37.2916666666666667,62700,2017-07-23,7,0,none
1679,67.70600173950199,0,0,29.5833333333333333,65945,2017-07-01,7,6,none
1518,77.84674652099613,0,0,31.0000000000000000,89145,2018-05-24,5,4,none
1717,69.85400054931645,1.7000000476837158,0,5.3333333333333333,63649,2016-08-13,8,6,none
388,25.546995239257857,0,0,36.5000000000000000,53556,2016-11-20,11,0,none
1700,56.13049514770512,0,0,22.8750000000000000,92877,2017-05-04,5,4,none
552,-6.5057498168944905,0,0,11.5833333333333333,86855,2018-01-05,1,5,none
2031,71.73050430297855,0,0,23.0416666666666667,73715,2018-08-18,8,6,none
300,39.0200054931641,0,0,90.0000000000000000,33004,2015-12-13,12,0,none
675,25.41885410853799,0,0,61.9047619047619048,76776,2016-01-29,1,5,none
742,36.40459472656254,0.30000001192092896,0,90.0000000000000000,75483,2016-04-07,4,4,none
1012,49.52374771118168,0,0,56.6250000000000000,93128,2018-05-11,5,5,none
1059,51.97764749278197,0.6000000238418579,0,85.0000000000000000,86054,2016-04-19,4,2,none
804,48.81476280799282,0,0,34.7692307692307692,29978,2015-11-01,11,0,none
1373,76.98424880981447,9831.809804677963,0,81.8750000000000000,76728,2016-07-11,7,1,none
1315,67.93400466918949,13.109999924898148,0,47.0833333333333333,82258,2018-09-17,9,1,none
759,30.75199707031254,0,0,4.3750000000000000,85415,2018-03-12,3,1,none
1479,74.20849807739262,8.060000002384186,0,59.9583333333333333,92540,2018-08-31,8,5,none
589,11.89924743652348,0,0,5.8750000000000000,96325,2017-03-10,3,5,none
505,13.930244140625037,0,0,87.9166666666666667,61142,2018-02-03,2,6,none
691,36.31699569702153,0,0,90.0000000000000000,79836,2016-11-30,11,3,none
2875,67.43450439453129,0.8999999761581421,0,21.0833333333333333,65472,2016-06-05,6,0,none
1145,76.29124954223639,0,0,39.0000000000000000,84985,2018-05-29,5,2,none
1939,71.49049652099613,0,0,37.4166666666666667,87986,2017-06-07,6,3,none
2042,74.59399917602542,0,0,12.3333333333333333,90523,2018-08-08,8,3,none
1223,55.54325531005863,0,0,32.8333333333333333,79103,2016-09-26,9,1,none
1507,72.85399597167974,15.620000123977661,0,74.6250000000000000,59162,2016-07-10,7,0,none
416,14.10041561729034,0,0,88.4210526315789474,42245,2016-02-14,2,0,none
1385,71.12149551391605,0,0,40.4166666666666667,60214,2017-07-09,7,0,none
1094,75.20000274658209,0.7900000214576721,0,2.9583333333333333,91042,2015-09-15,9,2,none
1998,62.843006591796915,0,0,48.0833333333333333,92243,2016-05-20,5,5,none
1696,50.86775100708012,0,0,70.8750000000000000,63839,2016-05-01,5,0,none
775,25.955748443603557,0,0,79.1666666666666667,90120,2017-12-08,12,5,none
1975,74.67050064086918,0.8999999761581421,0,5.7500000000000000,78885,2016-07-25,7,1,none
1207,60.72950027465825,22.39000004529953,0,86.4583333333333333,87237,2018-09-18,9,2,none
1610,61.261245422363324,0,0,38.3750000000000000,95389,2017-09-01,9,5,none
600,46.63099945068364,0,0,59.4583333333333333,62764,2017-04-02,4,0,none
942,31.207247619628948,0,0,49.7500000000000000,88512,2017-11-03,11,5,none
656,28.82524459838871,0,0,69.5416666666666667,77762,2018-03-06,3,2,none
401,5.828003387451212,0,0,67.5000000000000000,71110,2017-01-11,1,3,none
1094,41.74183395385746,0,0,1.00000000000000000000,92271,2017-02-17,2,5,none
1920,60.25100219726567,26.65999960899353,0,16.0833333333333333,88296,2018-09-06,9,4,none
1677,59.059248809814505,0,0,11.5000000000000000,61765,2017-10-08,10,0,none
1550,78.24499862670902,0,0,9.8333333333333333,61382,2018-07-08,7,0,none
1077,43.83424880981448,0,0,59.6666666666666667,85758,2017-02-22,2,3,none
1524,52.70022018432621,0,0,38.3333333333333333,93174,2018-05-10,5,4,none
422,32.47999084472661,0,0,90.0000000000000000,40136,2015-12-01,12,2,none
672,30.80999877929692,0,0,74.8333333333333333,57867,2016-02-22,2,1,none
1419,77.25949981689458,0,0,28.2083333333333333,51573,2015-07-26,7,0,none
1953,68.99599578857426,0,0,31.3750000000000000,91693,2017-09-20,9,3,none
1101,69.69591027301296,0,0,1.1739130434782609,84963,2015-09-14,9,1,none
572,7.533846153846194,0,0,42.7692307692307692,44517,2016-01-13,1,3,none
1657,59.12674835205083,0,0,50.1250000000000000,89225,2017-05-10,5,3,none
407,-1.920254440307575,0,0,55.1250000000000000,87355,2017-01-13,1,5,none
1282,59.41925018310551,0,0,63.4166666666666667,64177,2017-06-25,6,0,none
1138,62.57525375366214,23.149999797344208,0,84.7916666666666667,87217,2018-08-28,8,2,none
286,17.126739196777383,0,0,82.1250000000000000,44422,2016-12-11,12,0,none
596,4.235749130249064,0,0,41.2083333333333333,82071,2018-02-12,2,1,none
2005,62.738748626709004,0,0,18.9583333333333333,88762,2018-09-07,9,5,none
1287,51.62749450683598,0,0,10.8333333333333333,93331,2018-04-26,4,4,none
305,15.804793701171915,0,0,19.6666666666666667,41621,2015-12-19,12,6,none
1309,72.6492565917969,40.86999934911728,0,39.8750000000000000,62538,2018-08-26,8,0,none
1666,69.74600265502934,0.5,0,49.0000000000000000,60094,2016-08-28,8,0,none
676,10.145748214721722,0,0,18.0416666666666667,89468,2018-02-16,2,5,none
1761,59.4754956054688,0,0,26.4166666666666667,96014,2017-05-12,5,5,none
1426,82.62124679565433,0,0,20.6250000000000000,70534,2017-06-10,6,6,none
1845,70.6002445983887,0,0,15.7916666666666667,79773,2018-07-06,7,5,none
1031,45.359753112792994,0,0,13.1666666666666667,87465,2017-11-28,11,2,none
577,34.04218261718754,0,0,26.0909090909090909,27750,2016-01-30,1,6,none
951,39.37024734497074,0,0,35.4583333333333333,89922,2018-03-28,3,3,none
870,32.498706916360334,0,0,61.1764705882352941,59255,2016-04-04,4,1,none
1692,68.37049148559575,0,0,32.4166666666666667,86926,2017-06-30,6,5,none
487,24.52399414062504,0,0,45.5416666666666667,59425,2017-12-10,12,0,none
437,32.50248992919926,0,0,90.0000000000000000,32892,2015-11-30,11,1,none
453,43.305497436523474,0,0,54.9166666666666667,44397,2015-12-10,12,4,none
587,7.891003112793009,0,0,16.2777777777777778,69821,2016-02-12,2,5,none
1003,59.89250000000004,0,0,55.1250000000000000,60653,2017-04-09,4,0,none
736,42.7529168231671,0,0,88.8461538461538462,35258,2016-03-26,3,6,none
1359,42.10324752807622,0,0,14.4583333333333333,89957,2017-10-10,10,2,none
428,27.542427629743344,0,0,25.3571428571428571,47333,2015-11-20,11,5,none
1458,73.79524734497075,0,0,24.2500000000000000,66598,2018-08-19,8,0,none
651,13.422496109008828,0,0,9.1250000000000000,80855,2018-01-17,1,3,none
1914,67.86908941095528,0,0,42.1818181818181818,66198,2016-04-16,4,6,none
1853,72.8045025634766,0,0,38.7916666666666667,84200,2018-06-25,6,1,none
342,19.421744232177776,0,0,46.0416666666666667,64941,2017-01-10,1,2,none
664,40.296424560546924,0,0,11.5000000000000000,52869,2016-10-30,10,0,none
1569,62.89249542236331,0,0,24.5000000000000000,60864,2017-05-27,5,6,none
1934,72.9792469787598,0,0,43.7083333333333333,92381,2018-05-31,5,4,none
648,24.932433122907412,0,0,82.5714285714285714,45226,2016-01-26,1,2,none
1958,62.226497344970745,0,0,62.6666666666666667,88355,2018-08-02,8,4,none
1964,64.78849533081059,6,0,24.0833333333333333,92818,2018-08-30,8,4,none
1531,61.04824798583988,0,0,71.1666666666666667,82782,2018-05-21,5,1,none
1861,71.55050018310553,0,0,9.8333333333333333,91226,2017-06-02,6,5,none
377,35.937489013671915,0,0,90.0000000000000000,57311,2017-01-22,1,0,none
564,3.4549942779541425,0,0,17.0416666666666667,81681,2018-02-05,2,1,none
1353,59.12927562366838,0,0,46.9090909090909091,56378,2016-10-16,10,0,none
2006,71.08474853515628,0,0,39.6250000000000000,89080,2018-07-18,7,3,none
512,-3.3302512359618732,0,0,19.1666666666666667,78304,2017-12-27,12,3,none
1394,71.5962490844727,0,0,82.0833333333333333,85051,2018-06-18,6,1,none
1658,50.87974670410161,0,0,9.4583333333333333,88855,2017-10-04,10,3,none
730,51.30320373535161,0,0,2.1000000000000000,73723,2015-10-02,10,5,none
1040,46.232742767334024,0,0,71.0416666666666667,65720,2017-10-15,10,0,none
2332,53.059997253418,0,0,5.0833333333333333,78104,2017-04-22,4,6,none
3526,68.24449661254886,0,0,58.2500000000000000,57979,2017-09-10,9,0,none
1588,80.25574844360357,0,0,21.5000000000000000,85762,2017-07-06,7,4,none
631,29.44999359130863,0,0,82.1250000000000000,85387,2018-03-20,3,2,none
1900,72.79099853515629,0,0,19.3333333333333333,87358,2017-07-07,7,5,none
1776,63.08600128173831,4.819999933242798,0,76.6666666666666667,74208,2016-06-04,6,6,none
824,36.19924743652348,0,0,77.3750000000000000,86417,2018-03-19,3,1,none
797,59.809255676269565,0,0,55.3750000000000000,85039,2015-08-24,8,1,none
395,23.52874267578129,0,0,51.0416666666666667,58191,2017-01-29,1,0,none
1486,52.33625000000006,0,0,3.4166666666666667,64961,2016-11-05,11,6,none
705,28.96329360064342,0,0,58.1764705882352941,56303,2016-02-16,2,2,none
351,31.186731068004303,0,0,79.0909090909090909,44064,2015-12-22,12,2,none
1553,69.92825210571293,0,0,65.2500000000000000,53403,2016-07-30,7,6,none
722,33.99920410156254,0,0,78.7333333333333333,46501,2016-02-24,2,3,none
1142,47.957203369140665,0,0,28.9444444444444444,67409,2017-02-21,2,2,none
552,-4.038254852294881,0,0,13.9583333333333333,85821,2017-01-06,1,5,none
1597,56.40500000000004,0,0,2.9166666666666667,83634,2016-09-14,9,3,none
825,30.992781557829527,0,0,7.5217391304347826,93059,2018-03-29,3,4,none
769,61.39325302124028,1.6100000143051147,0,73.7916666666666667,59830,2015-08-23,8,0,none
2017,74.56699569702153,0,0,1.6666666666666667,72306,2017-06-04,6,0,none
597,22.18451686693279,0,0,4.3913043478260870,84046,2017-03-15,3,3,none
1285,59.11250045776371,0,0,85.6666666666666667,88066,2017-09-26,9,2,none
688,25.302617750901486,0,0,39.2307692307692308,47722,2016-02-29,2,1,none
1193,70.95650375366216,1.2699999809265137,0,68.5416666666666667,87063,2016-05-23,5,1,none
579,11.021741943359416,0,0,17.8750000000000000,88847,2017-02-09,2,4,none
731,32.64649780273442,0,0,75.4583333333333333,93391,2017-02-23,2,4,none
1324,45.66124313354496,0,0,7.0000000000000000,91220,2017-03-28,3,2,none
1651,81.10849578857425,0,0,26.5833333333333333,93239,2017-09-22,9,5,none
768,48.64399884905138,0,0,1.00000000000000000000,78059,2015-09-30,9,3,none
648,17.576746063232463,0,0,47.0000000000000000,84145,2017-12-06,12,3,none
478,19.62874725341801,0,0,5.2500000000000000,58294,2018-04-01,4,0,none
1664,67.06325576782231,0,0,45.7083333333333333,56401,2016-07-02,7,6,none
855,36.280144740513435,0,0,30.4285714285714286,56369,2016-04-01,4,5,none
1917,71.92699707031254,1.149999976158142,0,1.3333333333333333,82589,2016-08-17,8,3,none
312,16.04800231933598,0,1.2599999867379665,34.7777777777777778,50804,2015-12-28,12,1,none
549,34.19974258422855,0,0,9.1250000000000000,55254,2016-11-26,11,6,none
1927,64.42474945068365,0,0,60.0833333333333333,88301,2018-05-22,5,2,none
1721,64.03774688720708,0,0,54.8750000000000000,90196,2018-07-26,7,4,none
967,74.05399368286136,40.729998886585236,0,45.7916666666666667,59072,2015-08-16,8,0,none
1512,51.57289474487309,0,0,30.3750000000000000,97258,2017-10-13,10,5,none
2296,71.07574661254885,0,0,22.5416666666666667,73277,2018-06-23,6,6,none
1885,66.4617520141602,0,0,7.1250000000000000,88694,2018-08-22,8,3,none
1279,76.67449615478519,0,0,38.9166666666666667,66004,2017-09-24,9,0,none
810,53.911142752511196,0,0,12.2857142857142857,73012,2015-09-29,9,2,none
1825,56.46574981689455,0,0,7.0416666666666667,93906,2017-05-11,5,4,none
684,40.01600311279301,14.349999874830246,0,90.0833333333333333,89547,2016-04-28,4,4,none
1231,58.40532424926761,0,0,62.5416666666666667,90433,2018-05-09,5,3,none
616,19.499744873046915,0,0,29.2500000000000000,88568,2018-03-07,3,3,none
764,51.944779265030604,0,0,15.1739130434782609,80002,2015-10-07,10,3,none
1284,65.45449569702153,0,0,25.3333333333333333,86830,2018-04-30,4,1,none
412,6.845747070312542,0,0,3.4583333333333333,61645,2018-02-11,2,0,none
795,33.12949111938481,0,0,44.1666666666666667,94585,2018-03-23,3,5,none
1561,75.07099807739263,0,0,8.1250000000000000,67582,2017-07-15,7,6,none
586,28.345242767334025,0,0,4.9166666666666667,84920,2016-12-22,12,4,none
1826,70.32575119018558,0,0,14.4166666666666667,82640,2018-07-30,7,1,none
1522,74.63825347900395,0,0,7.4583333333333333,88589,2018-08-10,8,5,none
1266,60.80525100708012,0,0,6.0416666666666667,90009,2015-08-26,8,3,none
646,60.076999359130916,3.5200000405311584,0,89.3750000000000000,88288,2015-08-19,8,3,none
802,41.43199890136723,0,0,1.00000000000000000000,63519,2016-11-12,11,6,none
1525,78.45949981689456,0,0,34.0833333333333333,91459,2018-06-15,6,5,none
689,34.497497253418,0,0,87.3750000000000000,81404,2018-03-26,3,1,none
977,73.26125000000003,23.429999589920044,0,49.0833333333333333,75970,2016-09-06,9,2,none
729,70.66219604492193,0,0,12.0000000000000000,5157,2015-06-22,6,1,none
1327,49.67150466918949,0,0,11.1250000000000000,87164,2016-11-03,11,4,none
664,-1.9720043945312087,0,0,2.5333333333333333,47145,2016-01-12,1,2,none
1169,79.71950119018558,4.46999990940094,0,18.2083333333333333,67099,2015-09-05,9,6,none
853,49.6465176391602,0,0,5.5000000000000000,60814,2016-10-23,10,0,none
1094,44.5917469787598,0,0,47.9166666666666667,91832,2017-10-24,10,2,none
920,58.474252014160186,0,0,88.1250000000000000,89387,2017-08-03,8,4,none
529,30.340245513916056,0,0,70.5000000000000000,69542,2016-02-06,2,6,none
954,44.00375183105473,0,0,30.5000000000000000,83702,2017-03-20,3,1,none
2175,71.38324478149418,0,0,31.0000000000000000,71905,2018-07-21,7,6,none
1856,62.89550064086918,0,0,80.5000000000000000,90649,2017-07-13,7,4,none
653,20.81750000000004,0,0,7.5000000000000000,76916,2018-04-07,4,6,none
1329,65.27659500122076,0,0,44.5000000000000000,81784,2016-10-11,10,2,none
1810,73.18324249267583,0,0,7.5000000000000000,90519,2017-06-09,6,5,none
1062,68.73724716186527,30.43000054359436,0,64.0000000000000000,59865,2015-06-28,6,0,none
480,19.576868896484417,0,0,41.3043478260869565,74206,2017-03-13,3,1,none
903,40.78249862670903,0.25,0,56.0000000000000000,72424,2018-09-29,9,6,none
935,69.50929077148442,0,0,66.0000000000000000,5091,2015-06-13,6,6,none
667,33.79999816894536,0,0,90.0000000000000000,80749,2017-01-23,1,1,none
455,22.684997253418008,0,0,51.8750000000000000,53227,2018-02-25,2,0,none
529,39.55399597167972,0,0,85.2083333333333333,76314,2016-11-18,11,5,none
980,62.18756464419163,0,0,64.1304347826086957,67902,2018-06-02,6,6,none
1704,55.76374404907231,0,0,8.6250000000000000,89431,2017-10-17,10,2,none
675,12.621503524780314,0,0,28.9583333333333333,86092,2018-01-30,1,2,none
990,71.57183296535331,18.210000216960907,0,62.1739130434782609,66467,2015-08-22,8,6,none
1126,51.57717941284182,0,0,30.1666666666666667,81872,2016-10-06,10,4,none
1923,77.84375274658207,0,0,32.4583333333333333,80268,2016-07-26,7,2,none
1586,77.568501739502,0,0,47.9583333333333333,89523,2018-08-14,8,2,none
1937,69.99950073242191,0,0,41.3333333333333333,94900,2018-06-01,6,5,none
989,49.329493408203156,0,0,1.00000000000000000000,50791,2016-11-13,11,0,none
341,21.61287582397465,0,0,74.8125000000000000,54446,2015-12-30,12,3,none
631,42.49954251802889,0,0,77.0000000000000000,51270,2015-11-06,11,5,none
1753,59.79800155639651,0,0,11.8750000000000000,94072,2017-05-05,5,5,none
492,32.99674194335942,0,0,59.7083333333333333,70610,2016-12-23,12,5,none
910,27.411494140625038,0,0,25.9166666666666667,76086,2018-01-27,1,6,none
650,46.10646813025845,0,0,64.7692307692307692,50363,2015-10-30,10,5,none
1240,72.25970085144048,0,0,42.0000000000000000,66712,2015-06-24,6,3,none
855,32.41519897460942,0,0,40.3333333333333333,56925,2016-02-26,2,5,none
1053,68.07714442661835,0,0,4.7142857142857143,76617,2015-09-21,9,1,none
1722,52.064317177220424,0,0,25.4736842105263158,67788,2016-04-13,4,3,none
1552,55.86199386596684,0,0,36.1250000000000000,65525,2017-05-07,5,0,none
1237,53.81674926757817,0,0,61.1666666666666667,87457,2017-05-23,5,2,none
856,37.13074844360356,0,0,56.7916666666666667,87752,2018-03-27,3,2,none
588,28.031464201274705,0,0,83.1578947368421053,53104,2016-02-02,2,2,none
545,17.161247711181684,0,0,45.0833333333333333,78928,2017-01-03,1,2,none
581,26.145496063232457,0,0,64.4166666666666667,77282,2017-01-30,1,1,none
1673,64.58626698369571,0,0,24.5217391304347826,78677,2016-09-20,9,2,none
2061,68.86624725341801,0,0,17.4166666666666667,87171,2018-06-04,6,1,none
770,38.193504028320355,0,0,90.0000000000000000,44419,2016-03-09,3,3,none
505,4.596497802734416,0,0,11.5416666666666667,86366,2016-12-14,12,3,none
278,33.74375274658208,0,0,90.0000000000000000,53815,2016-12-24,12,6,none
1231,67.5432461547852,0,0,59.8333333333333333,64037,2018-06-09,6,6,none
1798,69.89675338745123,13.459999799728394,0,28.6666666666666667,83882,2016-08-30,8,2,none
1858,71.71999633789068,0,0,7.3333333333333333,79902,2016-08-08,8,1,none
580,35.067500000000045,0,0,63.8750000000000000,56688,2018-01-21,1,0,none
1584,54.01548965454108,0,0,61.4583333333333333,90489,2017-05-24,5,3,none
721,63.230748443603545,0,0,87.5000000000000000,69571,2017-08-26,8,6,none
771,22.114999084472696,0,0,48.5000000000000000,87814,2017-11-22,11,3,none
542,30.26839355468754,0,0,53.4000000000000000,38463,2016-02-21,2,0,none
644,22.781225867638263,0,0,55.3076923076923077,45276,2016-03-02,3,3,none
1632,75.61700027465825,5.75,0,38.0416666666666667,72930,2018-09-01,9,6,none
1251,62.51899917602544,0,0,65.1250000000000000,86659,2017-10-03,10,2,none
1006,37.324995880127,0,0,32.3333333333333333,92058,2018-01-26,1,5,none
438,32.591751556396524,0,0,68.5000000000000000,54711,2016-02-07,2,0,none
1809,56.42824752807621,0,0,7.0000000000000000,76976,2017-05-06,5,6,none
1473,45.359002380371145,0,0,32.2083333333333333,77380,2018-04-28,4,6,none
580,21.181248168945356,0,0,42.4166666666666667,62574,2018-01-23,1,2,none
626,9.61774528503422,0,0,10.2500000000000000,86355,2018-02-21,2,3,none
716,20.913495330810587,0,0,76.1250000000000000,88172,2017-12-21,12,4,none
732,38.416247253418014,0,0,41.5000000000000000,60588,2017-12-03,12,0,none
568,39.92830228365389,0,0,34.0769230769230769,39395,2015-12-05,12,6,none
416,25.44049652099614,0,0,90.0000000000000000,29720,2018-04-15,4,0,none
593,25.477864185680087,0,0,87.4545454545454545,77163,2016-12-06,12,2,none
1542,62.342746429443395,0,0,1.00000000000000000000,78844,2016-10-03,10,1,none
2158,69.78125274658207,0,0,9.0833333333333333,90467,2018-06-05,6,2,none
1878,54.32342564174111,0,0,6.9047619047619048,62076,2016-04-23,4,6,none
453,0.3519493865967207,0,0,3.7500000000000000,87343,2016-12-13,12,2,none
636,65.23700239701708,7.649999976158142,0,79.5454545454545455,85804,2015-09-24,9,4,none
682,44.80223438936125,0,0,1.00000000000000000000,35327,2015-10-18,10,0,none
871,45.85700119018558,0,0,63.3750000000000000,88790,2017-04-12,4,3,none
1637,74.44474761962893,0,0,9.5833333333333333,68103,2018-08-11,8,6,none
977,33.80449798583988,0,0,58.4166666666666667,84574,2017-11-13,11,1,none
343,35.249689941406295,0,0,90.0000000000000000,44377,2015-12-14,12,1,none
247,-12.025859157017257,0,0,5.0952380952380952,40344,2016-12-18,12,0,none
1342,55.69549606323246,0.5,0,60.0000000000000000,87845,2018-09-27,9,4,none
789,25.287500457763713,0,0,44.7500000000000000,95650,2017-03-09,3,4,none
591,17.260998992919962,0,0,19.0000000000000000,86747,2017-02-01,2,3,none
1188,65.94499862670902,0,0,85.2083333333333333,83989,2018-06-19,6,2,none
1511,80.82125366210941,0,0,15.0833333333333333,71488,2016-07-22,7,5,none
1837,76.08650100708012,0,0,26.2083333333333333,67172,2018-07-14,7,6,none
1439,63.726497344970745,0,0,28.5000000000000000,83803,2017-05-15,5,1,none
976,37.97674606323247,0,0,13.6250000000000000,93308,2018-04-19,4,4,none
842,77.82424743652346,0,0,37.0000000000000000,64794,2018-06-16,6,6,none
872,61.54924743652347,2.4899999797344208,0,48.4166666666666667,91465,2015-09-10,9,4,none
467,19.288999633789107,0,0,55.2083333333333333,75618,2016-12-27,12,2,none
332,25.05199183872772,0,0,55.4285714285714286,32785,2015-11-22,11,0,none
1776,79.00549514770512,0.6000000238418579,0,14.3750000000000000,80932,2016-08-03,8,3,none
610,1.9827519226074628,0,0,22.6666666666666667,80346,2018-01-16,1,2,none
408,27.290000000000042,0,0,90.0000000000000000,31518,2016-01-24,1,0,none
2058,52.87025192260745,0,0,9.1250000000000000,82915,2016-05-02,5,1,none
1036,64.2740010070801,0,0,51.9583333333333333,60353,2017-08-13,8,0,none
1256,52.22974441528324,0,0,57.7083333333333333,86036,2017-10-23,10,1,none
939,30.4047467041016,0,0,68.2916666666666667,90272,2017-10-31,10,2,none
1667,70.03399780273442,0,0,5.7083333333333333,81092,2016-08-22,8,1,none
675,31.377501373291064,0,0,80.2500000000000000,81882,2017-01-17,1,2,none
1625,68.56400421142583,0,0,63.9166666666666667,95054,2018-06-08,6,5,none
604,20.12599761962895,0,0,82.1250000000000000,75302,2017-01-09,1,1,none
586,8.155248718261761,0,0,2.9583333333333333,84480,2018-01-29,1,1,none
1497,75.59299743652346,0,0,3.9583333333333333,61269,2018-08-12,8,0,none
1499,67.42175109863285,1.5199999809265137,0,41.3750000000000000,80726,2016-06-30,6,4,none
1235,69.1062504577637,0,0,81.0416666666666667,88097,2018-07-20,7,5,none
846,34.262751464843795,0,0,44.3750000000000000,89515,2018-01-19,1,5,none
1363,72.31765179177994,0,0,6.0869565217391304,77804,2015-07-29,7,3,none
1637,69.17374771118166,0,0,41.4583333333333333,90170,2018-06-06,6,3,none
1667,74.0217533874512,0,0,27.3750000000000000,88592,2018-08-16,8,4,none
374,24.523250274658242,0,0,43.9583333333333333,64473,2016-12-31,12,6,none
1358,81.43985031127933,6.020000219345093,0,38.7083333333333333,81843,2016-07-21,7,4,none
1720,78.58025100708012,0,0,20.2916666666666667,70613,2017-06-03,6,6,none
1841,76.0940014648438,0,0,45.9166666666666667,89336,2017-07-12,7,3,none
1351,68.28251915973169,1.5,0,9.2608695652173913,85390,2015-08-05,8,3,none
1332,61.852996520996136,0.25,0,29.1250000000000000,71282,2016-09-17,9,6,none
1307,45.82024505615237,0,0,45.7500000000000000,90079,2017-10-11,10,3,none
1839,77.86699798583989,0,0,9.0000000000000000,68692,2016-06-11,6,6,none
1725,71.67920043945317,0,0,11.9000000000000000,52736,2017-07-02,7,0,none
476,26.92924697875981,0,0,14.3333333333333333,60910,2017-11-19,11,0,none
1597,72.8487522888184,0,0,31.5000000000000000,88141,2018-08-17,8,5,none
915,43.53874862670903,0,0,77.1666666666666667,91406,2017-04-20,4,4,none
1437,46.705248718261764,0.5099999904632568,0,35.6666666666666667,85391,2016-04-29,4,5,none
1897,55.951248626709024,0,0,8.3125000000000000,52240,2016-03-12,3,6,none
837,57.98479736328129,0,0,92.0000000000000000,2886,2015-06-11,6,4,none
2153,70.13974807739264,0,0,19.5000000000000000,93684,2018-06-22,6,5,none
2184,69.65299652099615,0,0,24.2083333333333333,91563,2017-08-08,8,2,none
293,-6.8560021972655845,0,0,6.2000000000000000,34739,2016-01-10,1,0,none
1706,63.16142700195318,0,0,8.2380952380952381,79152,2016-04-15,4,5,none
1006,63.99928754534045,6.7200000286102295,0,76.2857142857142857,70662,2016-05-27,5,5,none
1071,77.99375045776371,0,0,11.3750000000000000,91073,2015-09-04,9,5,none
607,33.44974945068363,0,0,20.6666666666666667,71544,2017-03-04,3,6,none
1482,67.93001983642583,0,0,61.0000000000000000,83446,2016-07-14,7,4,none
1026,38.86324661254887,0,0,29.3750000000000000,95736,2018-04-20,4,5,none
663,20.39375274658207,0,0,19.7916666666666667,82413,2018-04-04,4,3,none
1665,71.86324203491215,0,0,45.3750000000000000,84984,2017-06-16,6,5,none
1256,69.15875137329107,0,0,64.0000000000000000,89461,2018-05-30,5,3,none
1340,65.0007443237305,0,0,28.3333333333333333,90323,2017-08-18,8,5,none
774,32.3697499084473,0,0,40.9166666666666667,88142,2017-12-19,12,2,none
708,52.84399623325897,0,0,70.3809523809523810,75852,2015-10-05,10,1,none
1208,45.4146873407779,0,0,15.5652173913043478,88187,2017-04-07,4,5,none
542,35.828001098632846,0,0,67.6666666666666667,58941,2017-10-29,10,0,none
764,42.7859967041016,0,0,82.5555555555555556,62954,2016-03-16,3,3,none
678,56.93000228881838,6.71999990940094,0,41.8750000000000000,88821,2015-09-18,9,5,none
1306,73.93924835205083,0,0,10.7500000000000000,83920,2015-07-14,7,2,none
1042,57.24875457763676,0.25,0,4.0833333333333333,71306,2015-09-19,9,6,none
1813,70.82967575073246,0,0,18.4583333333333333,85860,2018-05-07,5,1,none
580,0.8742497253418376,0,0,26.0416666666666667,84006,2018-02-06,2,2,none
1267,53.33824661254888,0,0,13.6250000000000000,65433,2017-10-22,10,0,none
702,36.995000915527385,0,0,67.6666666666666667,87042,2018-04-13,4,5,none
722,37.763748626709024,0,0,48.2083333333333333,90211,2017-03-07,3,2,none
640,16.98649414062504,0,0,59.0833333333333333,88776,2018-02-22,2,4,none
814,33.93574340820316,0,0,13.0416666666666667,90755,2018-04-17,4,2,none
633,48.52924926757817,0,0,90.0000000000000000,61334,2017-05-21,5,0,none
1414,68.4904988098145,0,0,42.5416666666666667,60643,2016-09-04,9,0,none
466,22.00699661254887,0,0,62.7916666666666667,53696,2018-01-07,1,0,none
461,28.216995697021517,0,0,53.6666666666666667,65048,2016-11-19,11,6,none
1743,76.22824981689458,2.7899999618530273,0,46.7083333333333333,90624,2018-09-14,9,5,none
1668,58.2575009155274,0,0,8.6250000000000000,93617,2017-09-08,9,5,none
942,60.699197692871124,0,0,6.6500000000000000,44739,2015-10-10,10,6,none
2230,66.46174743652348,0,0,27.6250000000000000,72024,2017-08-12,8,6,none
1840,59.499500732421915,0,0,25.0000000000000000,83348,2017-06-26,6,1,none
583,33.3362367158778,0,0,77.7647058823529412,56831,2016-03-23,3,3,none
806,48.853240661621136,0,0,84.4166666666666667,81879,2017-04-03,4,1,none
1293,47.472497253418,0,0,2.5833333333333333,79389,2016-11-08,11,2,none
1117,43.32087142944341,0,0,16.3125000000000000,58854,2016-03-22,3,2,none
1742,72.37549789428714,0.30000001192092896,0,1.5000000000000000,93219,2016-06-17,6,5,none
541,28.571748809814498,0,0,51.8333333333333333,57077,2018-02-18,2,0,none
1330,47.18900192260747,0,0,26.2500000000000000,92518,2018-09-28,9,5,none
681,15.029744415283245,0,0,42.4583333333333333,86410,2017-12-07,12,4,none
1652,65.98527496337894,0,0,55.8333333333333333,87295,2018-08-21,8,2,none
376,22.01450164794926,0,0,42.7916666666666667,58130,2017-02-05,2,0,none
1761,75.05824249267582,0,0,19.2083333333333333,77395,2018-07-05,7,4,none
1895,68.34950073242192,0,0,15.1250000000000000,82922,2016-09-08,9,4,none
2146,64.0744961547852,0,0,40.8333333333333333,94657,2017-06-23,6,5,none
1965,65.66673782348636,0,0,56.1250000000000000,92893,2017-07-14,7,5,none
494,47.011991577148486,0,0,85.8333333333333333,34304,2015-10-31,10,6,none
814,19.58224304199223,0,0,82.9583333333333333,91950,2017-12-14,12,4,none
1558,75.59000366210941,5.590000152587891,0,20.9166666666666667,76885,2016-08-29,8,1,none
1135,64.61749771118167,0,0,58.0000000000000000,86233,2017-08-09,8,3,none
441,-5.0320059967040605,0,0,3.1250000000000000,65531,2017-12-26,12,2,none
332,3.478247528076212,0,0,48.1250000000000000,49459,2016-12-17,12,6,none
1188,55.95837028503422,0,0,1.7916666666666667,52582,2016-11-06,11,0,none
594,24.662746887207074,0,0,51.7500000000000000,72726,2017-02-04,2,6,none
2021,61.252996520996135,0,0,8.9583333333333333,89218,2017-05-31,5,3,none
702,39.382249908447314,0,0,90.1666666666666667,91739,2017-03-24,3,5,none
634,25.45362403869633,0,0,56.2500000000000000,53758,2016-01-27,1,3,none
454,8.902250366210978,0,0,58.6250000000000000,67279,2016-12-10,12,6,none
585,6.307252197265666,0,0,86.6666666666666667,66324,2017-12-28,12,4,none
543,38.372004394531295,0,0,5.3333333333333333,31502,2015-10-16,10,5,none
625,28.461712559291335,0,0,90.0000000000000000,46988,2016-01-25,1,1,none
1337,63.245000915527385,0,0,21.6250000000000000,87620,2015-07-08,7,3,none
1015,75.56900054931646,4.079999893903732,0,22.6000000000000000,67440,2015-09-16,9,3,none
1904,71.50999954223636,0,0,12.5416666666666667,89320,2018-09-11,9,2,none
2366,67.19524047851566,0,0,16.1666666666666667,72858,2017-08-19,8,6,none
1989,76.52840087890628,0,0,0.00000000000000000000,78264,2016-07-19,7,2,none
1107,78.45079956054693,0.30000001192092896,0,10.3000000000000000,42220,2015-09-01,9,2,none
2135,70.73300064086918,0,0,13.1666666666666667,50731,2016-07-09,7,6,none
1114,54.25347969386894,0,0,15.8260869565217391,82427,2016-10-14,10,5,none
830,14.367410601447652,0,0,63.4705882352941176,53492,2016-02-04,2,4,none
827,34.113495330810586,0,0,56.7916666666666667,87781,2018-01-09,1,2,none
745,27.596746520996135,0,0,28.8750000000000000,89517,2017-11-21,11,2,none
1183,52.57474487304692,4.699999988079071,0,78.5833333333333333,85047,2018-09-25,9,2,none
432,71.40124862670902,37.66999977827072,0,55.9166666666666667,87109,2015-09-17,9,4,none
1710,69.36574981689458,0,0,58.9583333333333333,54535,2018-06-10,6,0,none
882,66.95150054931644,4.699999928474426,0,48.4500000000000000,75782,2015-09-28,9,1,none
1092,54.36242841448107,0,0,10.7142857142857143,45026,2015-11-03,11,2,none
1507,73.33775146484379,36.4199994802475,0,15.7500000000000000,82125,2016-08-23,8,2,none
837,29.573128237517015,0,0,17.2608695652173913,91759,2018-03-16,3,5,none
1266,69.32900512695316,0,0,5.3333333333333333,10774,2015-06-12,6,5,none
861,30.214987640380897,0,0,83.5833333333333333,93869,2017-11-16,11,4,none
838,34.33662651062016,0,0,6.6250000000000000,55785,2016-03-24,3,4,none
610,15.592994820731066,0,0,88.9285714285714286,46861,2016-01-20,1,3,none
1429,65.39599578857425,0,0,41.6250000000000000,87764,2018-05-01,5,2,none
1082,50.3089978027344,0,0,54.1250000000000000,86824,2016-11-17,11,4,none
650,31.084399414062545,0,0.6899999938905239,89.0000000000000000,48482,2016-01-08,1,5,none
1509,56.188997344970744,0,0,45.5000000000000000,87418,2017-09-05,9,2,none
1778,75.8495007324219,0.30000001192092896,0,54.2083333333333333,78929,2016-08-01,8,1,none
2223,62.3839978027344,0,0,8.6666666666666667,90324,2017-06-01,6,4,none
772,49.958853062221024,0,0,2.1428571428571429,45028,2015-11-09,11,1,none
548,39.796774808443544,0,0,13.3076923076923077,36757,2015-11-07,11,6,none
741,37.30099990844732,0,0,89.3750000000000000,70570,2017-11-04,11,6,none
671,34.55099914550786,0,0,87.5000000000000000,60481,2016-02-23,2,2,none
757,24.266749267578167,0,0,88.1250000000000000,91791,2017-12-15,12,5,none
605,17.891746978759805,0,0,71.7083333333333333,78506,2018-02-20,2,2,none
492,41.57184852013226,0,0,56.4615384615384615,44851,2015-11-25,11,3,none
1647,73.20649688720708,0,0,52.9583333333333333,88595,2017-07-21,7,5,none
1275,73.43224761962894,15.749999761581421,0,65.2916666666666667,73879,2016-07-05,7,2,none
495,37.23799560546879,0,0,77.2857142857142857,53747,2015-12-11,12,5,none
1791,74.49274414062504,0,0,27.7500000000000000,85409,2017-07-31,7,1,none
1861,67.81025054931645,0,0,57.2500000000000000,88909,2017-09-19,9,2,none
1494,71.31349761962893,6.39999994635582,0,7.6666666666666667,82139,2016-08-18,8,4,none
1529,68.2864964294434,0,0,21.7500000000000000,62382,2018-07-29,7,0,none
1581,54.01624725341801,0,0,45.4166666666666667,84485,2017-05-22,5,1,none
1332,50.51974304199223,0,0,30.8333333333333333,89266,2018-04-24,4,2,none
1167,47.732745056152375,0,0,55.7083333333333333,81076,2016-11-02,11,3,none
1416,49.467490844726605,0,0,10.8750000000000000,87544,2017-10-16,10,1,none
1060,67.03978805541996,0,0,80.8000000000000000,52149,2016-10-15,10,6,none
1066,61.590498809814484,0,0,87.2916666666666667,85585,2017-09-25,9,1,none
416,5.115491943359417,0,0,61.7916666666666667,76750,2016-12-12,12,1,none
1166,69.56333634086282,0,0,72.7391304347826087,87022,2017-08-16,8,3,none
1066,76.39699981689456,13.950000166893005,0,45.7083333333333333,82645,2015-07-24,7,5,none
1438,78.91474807739262,0,0,4.0416666666666667,83381,2018-08-13,8,1,none
1260,78.54257934570316,0,0,0.00000000000000000000,4681,2015-06-19,6,5,none
1007,36.80674789428715,0,0,84.1666666666666667,91345,2017-11-02,11,4,none
1383,56.929244689941434,0,0,68.4583333333333333,91281,2017-10-12,10,4,none
1542,68.84674652099612,0,0,52.8750000000000000,70341,2017-09-02,9,6,none
2178,62.12728524344313,0,0,47.7380952380952381,75172,2016-06-02,6,4,none
868,60.48575714111332,14.710000157356262,0,47.8750000000000000,86627,2015-09-09,9,3,none
1363,61.715747528076214,0.25,0,22.0833333333333333,59336,2018-09-09,9,0,none
514,34.275500183105514,0,0,88.7500000000000000,57612,2017-11-05,11,0,none
749,20.239243774414106,0,0,73.0000000000000000,87975,2016-12-08,12,4,none
1771,65.56174972534183,8.449999839067459,0,48.8750000000000000,87273,2018-09-05,9,3,none
840,50.46035049438479,0,0,79.5000000000000000,66605,2016-10-29,10,6,none
1165,51.58815570537865,0,0,40.3846153846153846,48175,2016-03-07,3,1,none
1028,60.06199844360355,11.290000051259995,0,90.0000000000000000,86416,2018-09-19,9,3,none
1925,66.04024780273441,0,0,24.5416666666666667,93365,2017-08-29,8,2,none
717,33.8003950301461,0,0,51.3695652173913043,80614,2016-12-05,12,1,none
482,50.442798461914094,0.5099999904632568,0,78.1000000000000000,30351,2015-10-23,10,5,none
430,68.65549972534184,85.99999937415123,0,64.8750000000000000,77663,2015-07-06,7,1,none
797,43.577747802734415,5.370000123977661,0,73.6250000000000000,90637,2016-05-13,5,5,none
681,51.514108599494534,0,0,75.7058823529411765,58733,2016-03-15,3,2,none
885,60.063499908447305,0,0,80.4583333333333333,68173,2017-04-15,4,6,none
1410,78.12949340820317,0,0,4.9166666666666667,61617,2018-05-26,5,6,none
1178,72.97850082397464,8.71999979019165,0,86.2500000000000000,80174,2016-07-27,7,3,none
1710,68.31500366210942,0,0,0.00000000000000000000,75179,2016-08-06,8,6,none
1958,76.35800292968753,1.0199999809265137,0,52.1250000000000000,22271,2016-07-24,7,0,none
1821,79.03025100708011,0,0,34.8750000000000000,84435,2018-07-09,7,1,none
719,18.582288382394015,0,0,45.0000000000000000,54202,2016-03-01,3,2,none
1213,56.61349304199223,0,0,59.8333333333333333,44002,2016-03-08,3,2,none
1433,65.58125503540042,0.30000001192092896,0,2.6250000000000000,62921,2016-09-03,9,6,none
1134,58.33024871826174,0,0,44.8750000000000000,85812,2017-04-24,4,1,none
631,33.22549331665042,0,0,90.0000000000000000,56949,2018-03-05,3,1,none
1110,71.09674880981449,0,0,46.1250000000000000,83814,2018-08-20,8,1,none
1094,45.11599853515628,0,0,9.5000000000000000,82829,2016-11-09,11,3,none
740,32.347992401123086,0,0,57.1250000000000000,83673,2017-12-18,12,1,none
1668,56.50249679565434,0,0,52.9166666666666667,89875,2017-09-06,9,3,none
1645,57.70549285888674,0,0,23.2083333333333333,69220,2017-04-08,4,6,none
1835,58.306250457763696,0,0,50.2500000000000000,90691,2017-09-07,9,4,none
1676,60.64625137329105,0,0,59.4583333333333333,72912,2016-05-07,5,6,none
1588,63.03651016235357,0,0,10.4166666666666667,85604,2016-08-26,8,5,none
1557,68.03600585937507,0,0,35.3750000000000000,78604,2016-09-12,9,1,none
465,7.46599078838646,0,0,71.3076923076923077,31508,2016-01-09,1,6,none
639,31.895368270874066,0,0.3499999940395355,85.0000000000000000,50385,2016-01-07,1,4,none
1175,81.08750045776371,0,0,46.5416666666666667,60112,2018-06-17,6,0,none
673,52.98649414062504,0,0,69.6666666666666667,84127,2017-03-06,3,1,none
615,-2.6544982147216394,0,0,26.0416666666666667,87303,2016-12-15,12,4,none
1966,68.00899505615237,0,0,29.9500000000000000,48009,2016-04-17,4,0,none
1169,63.53750503540044,0,0,79.8333333333333333,91593,2017-08-25,8,5,none
824,23.01154067993168,0,0,1.6666666666666667,88218,2017-02-15,2,3,none
1547,73.27849624633794,0,0,49.0000000000000000,92755,2016-06-22,6,3,none
808,67.81025283813482,32.52999967336655,0,61.4583333333333333,88264,2015-08-06,8,4,none
522,-4.35743155343188,0,0,46.4285714285714286,41329,2016-01-11,1,1,none
772,32.16874816894535,0,0,37.9166666666666667,88461,2018-02-28,2,3,none
1967,75.89074523925785,0,0,16.2500000000000000,90141,2018-06-28,6,4,none
2281,69.76174972534186,0,0,11.3750000000000000,91859,2018-05-16,5,3,none
1140,65.76874588012699,0,0,73.8333333333333333,70968,2016-09-24,9,6,none
1556,60.90671595982148,0,0,53.9047619047619048,74392,2016-06-01,6,3,none
459,31.9404642427885,0,0,90.0000000000000000,44025,2015-12-02,12,3,none
702,65.62244013247289,9.139999866485596,0,61.2608695652173913,81431,2015-09-23,9,3,none
1612,51.52250183105471,0.25,0,39.8333333333333333,88627,2018-09-26,9,3,none
1806,66.30050018310551,0,0,24.6666666666666667,64042,2018-07-28,7,6,none
1165,44.17549331665043,0,0,17.0833333333333333,77498,2018-04-21,4,6,none
1704,65.81708801269536,0,0,7.7272727272727273,57585,2016-09-18,9,0,none
717,39.315487365722696,0,0,56.5833333333333333,73836,2018-03-03,3,6,none
359,33.63938157301687,0,0,90.0000000000000000,48353,2015-12-16,12,3,none
1364,77.40349624633795,30.33999991416931,0,16.0000000000000000,80712,2016-08-10,8,3,none
305,4.786998443603555,0,0,37.0000000000000000,55603,2017-01-08,1,0,none
691,51.56399047851567,0,0,58.6666666666666667,39805,2015-10-27,10,2,none
514,-3.889750595092733,0,0,3.1666666666666667,82149,2018-01-12,1,5,none
1970,75.23299769810272,0,0,10.4761904761904762,67869,2016-07-13,7,3,none
372,32.6522408519072,0.5099999904632568,0,29.4705882352941176,38050,2015-12-20,12,0,none
2014,64.11574752807623,0.30000001192092896,0,15.2083333333333333,73943,2016-05-21,5,6,none
560,16.859743957519573,0,0,1.7916666666666667,85843,2017-03-14,3,2,none
1952,63.21874816894536,0,0,18.9583333333333333,59222,2016-08-21,8,0,none
783,32.278607071586315,0,0,1.00000000000000000000,85788,2017-03-21,3,2,none
674,39.076250915527375,0,0,90.0000000000000000,86847,2017-04-26,4,3,none
1741,76.08049743652349,0,0,32.0416666666666667,64007,2018-08-05,8,0,none
1534,62.546751098632846,0,0,15.2916666666666667,75041,2016-09-10,9,6,none
1132,55.124751739501995,0,0,15.7500000000000000,62346,2017-04-16,4,0,none
1806,65.28109481811528,0,0,44.5000000000000000,84372,2017-06-19,6,1,none
1788,73.62875183105474,0,0,20.3333333333333333,64138,2017-07-16,7,0,none
1204,67.57925384521486,0,0,72.2083333333333333,84164,2018-06-11,6,1,none
516,35.1472255295974,0,0,18.3076923076923077,46377,2015-11-24,11,2,none
760,30.427991943359405,0,0,77.9583333333333333,72361,2016-12-03,12,6,none
531,38.338242034912156,0,0,73.3125000000000000,32680,2016-03-27,3,0,none
1147,62.21000411987308,13.290000200271606,0,88.8333333333333333,81702,2016-09-22,9,4,none
443,27.59900329589848,0,0,34.3333333333333333,45504,2015-12-03,12,4,none
613,26.634502105712937,0,0,61.4166666666666667,72346,2017-12-16,12,6,none
1759,74.81974761962896,0,0,19.8333333333333333,88612,2017-08-01,8,2,none
476,23.317997436523473,0,0,49.7500000000000000,81734,2016-12-30,12,5,none
1460,57.35974624633793,0,0,9.3333333333333333,84969,2016-09-30,9,5,none
834,51.9447499084473,0,0,77.0000000000000000,88135,2017-04-18,4,2,none
1816,70.08500183105473,0,0,20.5000000000000000,67893,2016-08-07,8,0,none
1888,61.41499450683599,0,0,4.2500000000000000,97332,2017-08-31,8,4,none
813,31.300997619628955,0,0,54.5000000000000000,88303,2018-03-30,3,5,none
404,35.97350128173833,0,0,88.7500000000000000,27797,2015-12-06,12,0,none
670,21.118999176025433,0,0,41.7083333333333333,94073,2017-03-03,3,5,none
495,34.28792987530053,0,0,39.3076923076923077,44802,2015-11-23,11,1,none
1381,49.70669929055611,0,0,22.7058823529411765,66633,2016-03-29,3,2,none
1901,69.4317501831055,0,0,3.6250000000000000,86567,2017-06-05,6,1,none
795,31.402867750084965,0,0,2.5652173913043478,89028,2018-03-15,3,4,none
834,70.5274990844727,31.549999713897705,0,82.9583333333333333,81615,2018-09-04,9,2,none
919,58.974278390067,1.7699999809265137,0,14.8571428571428571,53407,2015-09-20,9,0,none
2037,73.7090046691895,0,0,13.3333333333333333,91063,2017-06-15,6,4,none
993,39.379244689941444,0,0,12.5416666666666667,92289,2017-11-30,11,4,none
1717,56.275737888502064,0,0,39.3478260869565217,78950,2016-05-16,5,1,none
1553,65.45104386039408,0,0,49.1304347826086957,86318,2016-04-18,4,1,none
1303,67.82749450683596,0,0,11.5416666666666667,84346,2015-08-03,8,1,none
1018,45.67384536743169,0,0,45.5000000000000000,62846,2017-02-19,2,0,none
971,40.07224624633793,0,0,53.0000000000000000,88620,2017-04-11,4,2,none
495,41.146762131911096,0,0,90.0000000000000000,45281,2015-10-28,10,3,none
1871,72.76850173950199,0,0,30.0000000000000000,87399,2018-07-10,7,2,none
1824,65.54299972534184,0,0,40.0416666666666667,86799,2017-06-20,6,2,none
796,33.91399276733403,0,0,89.3750000000000000,85920,2017-10-27,10,5,none
616,29.85724533081059,0,0,82.5000000000000000,81482,2017-03-01,3,3,none
769,26.86400192260746,0,0,40.8750000000000000,92827,2018-03-02,3,5,none
2071,75.74256844656813,2.0999999046325684,0,42.5238095238095238,67196,2016-07-12,7,2,none
1785,58.68425338745121,0,0,36.6666666666666667,88410,2016-05-03,5,2,none
952,66.41148956298832,0,0,51.0625000000000000,60633,2015-09-25,9,5,none
440,30.836921386718792,0,0,90.0000000000000000,47346,2015-12-21,12,1,none
490,20.934998779296915,0,0,10.2777777777777778,41018,2016-01-02,1,6,none
785,50.57261703491216,0,0,62.7500000000000000,40741,2016-03-13,3,0,none
611,15.269002609252972,0,0,28.1250000000000000,56656,2016-01-04,1,1,none
700,50.06343244280139,0,0,0.90476190476190476190,64148,2015-10-03,10,6,none
1760,69.16399734497075,0,0,14.8333333333333333,87205,2017-09-11,9,1,none
747,49.12656808035719,0,0,17.1428571428571429,57209,2015-10-04,10,0,none
609,21.52889970259237,0,0,78.1818181818181818,42396,2016-01-14,1,4,none
706,31.390245513916057,0,0,52.0416666666666667,92772,2017-03-16,3,4,none
1081,44.86174514770513,0,0,36.3750000000000000,89737,2017-04-05,4,3,none
797,32.092995147705125,0,0,61.6666666666666667,76716,2017-10-28,10,6,none
1358,69.05525100708012,1.5199999809265137,0,46.3333333333333333,85530,2016-06-13,6,1,none
1787,72.26374404907229,0,0,41.3333333333333333,84031,2018-08-06,8,1,none
1998,67.70224121093754,0,0,40.0416666666666667,92054,2018-06-07,6,4,none
2375,68.9255001831055,0,0,9.7916666666666667,89348,2018-06-13,6,3,none
1487,68.31500137329105,0,0,83.1250000000000000,91486,2017-08-17,8,4,none
1908,73.46674926757815,0,0,30.9583333333333333,92427,2017-06-08,6,4,none
1435,74.30449569702152,0,0,45.0833333333333333,86310,2018-05-25,5,5,none
485,1.2010952758789464,0,0,18.4500000000000000,54431,2016-02-13,2,6,none
1292,74.66224487304692,30.810000151395798,0,29.1666666666666667,83903,2016-08-04,8,4,none
1424,54.85849807739262,1,0,68.4583333333333333,89781,2018-09-21,9,5,none
773,19.069243316650425,0,0,72.6666666666666667,87400,2017-12-20,12,3,none
723,62.03375137329105,8.229999870061874,0,73.0833333333333333,63574,2016-08-20,8,6,none
1092,66.18574340820318,20.640000224113464,0,81.5000000000000000,86753,2016-06-14,6,2,none
1717,78.71540115356449,0.9000000357627869,0,36.0000000000000000,82965,2016-08-09,8,2,none
725,15.004244689941446,0,0,50.3333333333333333,87841,2017-12-12,12,2,none
633,38.371255950927775,0,0,34.9166666666666667,67696,2017-02-11,2,6,none
1443,79.90775421142583,0.25,0,22.5000000000000000,69676,2018-09-15,9,6,none
644,56.115845477764466,0,0,71.3076923076923077,50340,2015-11-05,11,4,none
529,28.804993133544965,0,0,61.9166666666666667,82366,2016-12-29,12,4,none
1036,73.21175201416018,45.53999972343445,0,53.3750000000000000,6654,2016-07-23,7,6,none
612,55.68371355329244,14.980000257492065,0,74.4285714285714286,77857,2015-10-08,10,4,none
1291,60.82647252699911,0.550000011920929,0,33.8235294117647059,50463,2015-08-29,8,6,none
691,49.98199546813969,0,0,49.6250000000000000,55570,2015-10-09,10,5,none
367,9.317855311802498,0,0,90.0000000000000000,61561,2016-12-16,12,5,none
1412,62.484504394531285,0.25,0,44.2916666666666667,85953,2016-06-06,6,1,none
2117,63.973996429443396,0,0,14.1666666666666667,86494,2017-06-27,6,2,none
1826,69.18628618512837,14.22000002861023,0,52.7142857142857143,76303,2016-05-26,5,4,none
926,56.77849853515628,0,0,83.9583333333333333,86606,2017-04-25,4,2,none
787,28.72849395751957,0,0,7.4583333333333333,88591,2018-03-13,3,2,none
947,42.56176720660669,0,0,41.9130434782608696,79604,2016-10-07,10,5,none
1322,53.6704937744141,0,0,44.5833333333333333,90227,2017-05-03,5,3,none
650,6.835996704101603,0,0,55.8888888888888889,60681,2016-02-10,2,3,none
782,53.999594726562535,0,0,6.4666666666666667,46734,2015-10-14,10,3,none
1390,54.03124359130862,0,0,80.0833333333333333,89394,2017-10-05,10,4,none
1664,61.28292282104496,0,0,31.3333333333333333,92667,2018-05-03,5,4,none
1576,71.40424697875979,0,0,37.9583333333333333,63411,2018-06-24,6,0,none
1509,75.5555020141602,22.94000032544136,0,31.2916666666666667,66894,2015-07-18,7,6,none
612,33.1774990844727,0,0,56.5000000000000000,38029,2016-03-05,3,6,none
1216,33.78049743652347,0,0,10.9166666666666667,80362,2017-12-02,12,6,none
1664,54.84799926757817,0,0,23.0000000000000000,62583,2017-04-23,4,0,none
681,35.678747253418,0,0,90.0000000000000000,71375,2017-01-21,1,6,none
1870,69.80674560546879,0,0,32.7083333333333333,91856,2016-06-24,6,5,none
748,34.11243233816968,0,0,27.0714285714285714,38096,2016-03-20,3,0,none
384,-0.0932555389403884,0,0,10.4166666666666667,51336,2018-02-04,2,0,none
1565,70.07525146484379,0,0,41.7916666666666667,90054,2018-07-25,7,3,none
732,20.826495056152385,0,0,67.2083333333333333,83345,2017-12-22,12,5,none
430,29.01949432373051,0,0,50.0416666666666667,61533,2017-02-26,2,0,none
956,52.04599807739263,4.179999947547913,0,87.2916666666666667,87689,2016-05-11,5,3,none
1016,65.78599899291997,0,0,39.3333333333333333,87436,2018-05-08,5,2,none
1035,42.11271537449054,0,0,34.9565217391304348,81187,2016-10-21,10,5,none
383,-7.19243194580074,0,0,50.7857142857142857,43219,2016-01-18,1,1,none
1815,62.48375137329106,0,0,29.6250000000000000,79556,2016-07-01,7,5,none
1959,66.38629653930666,0,0,39.5000000000000000,65154,2016-07-16,7,6,none
437,5.149245147705117,0,0,39.4166666666666667,86570,2017-01-12,1,4,none
1500,48.28174789428715,0,0,13.5000000000000000,95592,2017-04-21,4,5,none
1812,61.94974487304693,0,0,17.2083333333333333,68814,2017-09-09,9,6,none
458,34.74949157714848,0,0,45.5000000000000000,30925,2016-02-28,2,0,none
625,59.376617243840194,0,0,4.0000000000000000,50594,2015-10-20,10,2,none
954,41.437242584228564,0,0,90.0000000000000000,88990,2017-11-14,11,2,none
1094,41.02474716186527,0,0,46.4166666666666667,97100,2017-04-28,4,5,none
784,47.98400009155278,0,0,72.0000000000000000,84355,2017-12-04,12,1,none
1157,67.52128592354916,0.9099999964237213,0,72.3095238095238095,72658,2016-05-31,5,2,none
792,31.382754211425823,0,0,17.6666666666666667,90445,2018-03-01,3,4,none
539,31.85000000000004,0,0,68.0666666666666667,49096,2016-04-02,4,6,none
674,10.601271029385693,0,0,15.2727272727272727,83461,2016-02-09,2,2,none
797,46.79487884521489,0,0,6.3750000000000000,36218,2015-11-15,11,0,none
1650,69.1822777210583,0.75,0,26.5454545454545455,64163,2015-08-30,8,0,none
1816,72.20374954223637,0,0,34.3333333333333333,83680,2018-07-23,7,1,none
376,16.232001014122638,0,0,54.6153846153846154,49323,2015-12-18,12,5,none
1937,54.900502471923865,0,0,13.0416666666666667,86809,2016-05-18,5,3,none
374,50.88200946514427,0,0,90.0000000000000000,46592,2015-11-17,11,2,none
1241,74.80774963378913,0.30000001192092896,0,49.9583333333333333,88377,2015-07-17,7,5,none
697,31.355000000000047,0,0,52.0416666666666667,90760,2018-02-15,2,4,none
771,31.96324661254887,0,0,74.5416666666666667,85707,2017-11-01,11,3,none
1720,73.98499725341803,0,0,2.3333333333333333,64126,2018-07-07,7,6,none
1328,54.73624542236332,0,0,72.3750000000000000,86311,2017-05-30,5,2,none
294,-9.448712732651614,0,0,9.0000000000000000,34103,2016-01-17,1,0,none
1152,53.80774963378909,0,0,54.5000000000000000,81510,2016-09-28,9,3,none
1866,67.98500183105473,0.6000000238418579,0,40.6250000000000000,78893,2016-06-27,6,1,none
1572,66.94290949041198,1.4500000476837158,0,61.7954545454545455,51065,2016-05-29,5,0,none
1671,53.16125000000003,0.25,0,19.2916666666666667,74398,2018-09-22,9,6,none
1141,68.50775192260745,0,0,56.0000000000000000,87543,2018-07-19,7,4,none
1080,57.52249725341802,0,0,60.2083333333333333,73807,2017-10-07,10,6,none
1235,65.89250457763676,4.349999904632568,0,34.5833333333333333,86635,2016-09-09,9,5,none
1480,69.35374954223637,0,0,10.7500000000000000,86129,2015-07-21,7,2,none
1116,41.52319458007816,0,0,8.8333333333333333,73680,2017-02-18,2,6,none
1253,43.079930207625715,0,0,0.00000000000000000000,59740,2016-10-09,10,0,none
1788,71.9839932250977,0,0,10.9583333333333333,69190,2017-07-29,7,6,none
336,10.640752105712933,0,0,8.7916666666666667,66050,2017-01-14,1,6,none
2032,70.83799429757259,0.7599999904632568,0,50.7142857142857143,72653,2016-05-24,5,2,none
833,32.404249267578166,0,0,3.5833333333333333,88631,2018-03-14,3,3,none
2145,73.66474121093752,0,0,15.7500000000000000,93364,2017-07-27,7,4,none
939,63.76827992314882,21.680000066757202,0,61.0434782608695652,80305,2016-09-21,9,3,none
887,34.7042381376379,0,0,38.2352941176470588,57311,2016-04-11,4,1,none
1525,82.44927413940432,0,0,5.5000000000000000,81339,2016-07-20,7,3,none
1497,74.86624954223637,0,0,38.0000000000000000,83100,2018-07-03,7,2,none
261,21.11552950345557,0,0,33.5384615384615385,35319,2015-11-27,11,5,none
2046,60.29674423217778,0,0,21.7916666666666667,90583,2016-06-07,6,2,none
1395,49.35349853515629,0,0,29.3333333333333333,64367,2016-05-15,5,0,none
487,17.241498260498087,0,0,56.3750000000000000,57634,2018-02-24,2,6,none
2044,68.28800018310551,0,0,5.5416666666666667,86732,2017-06-06,6,2,none
1547,76.89875228881841,0,0,9.0000000000000000,92121,2016-06-10,6,5,none
1104,62.07878566576091,0,0,23.5652173913043478,87020,2015-08-25,8,2,none
1214,67.95200164794927,0,0,12.0416666666666667,89388,2015-08-21,8,5,none
1550,51.83224761962894,0,0,4.0833333333333333,87174,2018-04-23,4,1,none
1130,54.53824890136721,0,0,51.1250000000000000,78260,2016-11-07,11,1,none
812,35.33524597167973,0,0,65.5416666666666667,92045,2018-03-22,3,4,none
909,35.76517491957725,0,0,26.2941176470588235,59923,2016-03-25,3,5,none
557,35.96552950345557,0,0,63.6153846153846154,43378,2015-12-07,12,1,none
945,49.77005889892582,0,0,62.0000000000000000,77403,2016-10-31,10,1,none
1919,59.91874816894535,5.5,0,47.1666666666666667,90973,2018-08-29,8,3,none
565,25.811749725341837,0,0,61.9166666666666667,84391,2017-02-24,2,5,none
1109,54.944752197265665,0,0,76.9166666666666667,83535,2017-09-18,9,1,none
415,33.900703560965454,0,0,86.9047619047619048,47772,2016-12-04,12,0,none
1390,71.51825302124028,39.13999989628792,0,11.5000000000000000,79830,2016-08-16,8,2,none
1311,72.47450073242192,0,0,2.6250000000000000,91315,2015-07-31,7,5,none
454,16.402605829653574,0,0,29.1739130434782609,58557,2017-12-23,12,6,none
825,33.49624450683598,0,0,57.5000000000000000,88063,2017-02-27,2,1,none
1952,73.91525009155276,0,0,14.6250000000000000,87958,2017-07-11,7,2,none
1988,70.87024505615238,0,0,76.5000000000000000,88564,2018-06-20,6,3,none
824,58.31323364257817,0,0,61.4615384615384615,48091,2015-11-04,11,3,none
1549,65.95475128173833,0,0,63.0833333333333333,84894,2017-08-14,8,1,none
1629,67.27250183105474,0.25,0,4.1666666666666667,79612,2016-09-19,9,1,none
1587,58.73450439453129,0,0,28.8750000000000000,65838,2016-05-08,5,0,none
1313,49.16899688720707,0,0,78.3333333333333333,75002,2016-04-30,4,6,none
971,65.8822667926291,7.469999939203262,0,39.5217391304347826,80336,2015-08-17,8,1,none
879,50.557997103604436,11.399999856948853,0,85.4545454545454545,75894,2016-04-25,4,1,none
652,48.39424789428716,0.5099999904632568,0,40.2500000000000000,86635,2015-10-13,10,2,none
695,31.470496063232456,0,0,38.3750000000000000,72842,2017-11-18,11,6,none
1678,64.19299972534183,0,0,18.3750000000000000,92342,2017-10-20,10,5,none
1765,59.300746612548856,0,0,39.2916666666666667,89069,2017-05-25,5,4,none
1450,47.20734026227682,0,0,7.3333333333333333,82751,2016-04-22,4,5,none
1745,65.228747253418,0,0,14.1250000000000000,95393,2018-05-04,5,5,none
883,35.3519081712806,0,0,88.0434782608695652,89875,2017-11-15,11,3,none
779,14.757496337890665,0,0,68.8750000000000000,93718,2016-12-09,12,5,none
599,14.176244049072308,0,0,90.0000000000000000,81815,2016-02-08,2,1,none
637,28.200491027832072,0,0,90.0000000000000000,65254,2018-04-03,4,2,none
784,32.91011703491215,0,0,1.00000000000000000000,57793,2017-02-13,2,1,none
1193,59.34274871826176,0,0,68.7083333333333333,66521,2018-05-19,5,6,none
440,43.8642437744141,0,0,76.7916666666666667,58559,2017-04-30,4,0,none
1715,74.62625320434576,0,0,21.3750000000000000,86929,2018-08-15,8,3,none
1639,69.73925292968752,0,0,10.9166666666666667,69451,2017-07-03,7,1,none
722,23.65849807739262,0,0,27.0416666666666667,92942,2018-04-05,4,4,none
998,37.392497711181676,0,0,34.3333333333333333,87035,2017-11-20,11,1,none
950,72.60274780273443,14.650000035762787,0,53.2083333333333333,89022,2015-08-07,8,5,none
1366,75.20000274658209,43.90999937057495,0,52.0833333333333333,84504,2018-08-27,8,1,none
768,18.190000610351603,0,0,43.4444444444444444,50240,2016-02-03,2,3,none
1698,72.68300292968756,0,0,10.5833333333333333,51400,2015-07-04,7,6,none
654,32.212251739501994,0,0,13.1250000000000000,85878,2017-01-18,1,3,none
1923,68.83475082397464,0,0,33.6666666666666667,62447,2016-05-22,5,0,none
709,31.554905395507852,0.8999999761581421,0,60.9090909090909091,83438,2016-04-08,4,5,none
2130,66.12275054931645,0,0,29.2083333333333333,92257,2017-08-11,8,5,none
1283,68.02775009155279,0,0,50.7916666666666667,89170,2017-06-22,6,4,none
1712,54.25774963378911,0,0,17.7083333333333333,96611,2017-09-29,9,5,none
580,38.47774780273442,0,0,90.0000000000000000,58784,2017-03-26,3,0,none
751,26.061561013926667,0,0,43.6521739130434783,85695,2018-01-31,1,3,none
1757,58.21849945068362,0,0,32.0000000000000000,91968,2017-10-18,10,3,none
1086,63.115250091552774,7.3299999833106995,0,69.2500000000000000,91895,2016-06-03,6,5,none
1805,62.853707798549145,0,0,11.0000000000000000,68567,2016-09-01,9,4,none
1180,69.67309692382818,2.1200000047683716,0,15.0000000000000000,71212,2015-06-26,6,5,none
489,35.76049926757816,0,0,40.0833333333333333,43499,2015-12-08,12,2,none
1249,71.80024688720705,16.949999570846558,0,45.0000000000000000,60456,2015-08-09,8,0,none
882,41.34650009155278,0,0,45.8333333333333333,67453,2016-05-14,5,6,none
289,26.90322434645437,0,0,65.6153846153846154,33291,2015-11-29,11,0,none
1360,72.18725402832035,0,0,1.00000000000000000000,91023,2015-08-12,8,3,none
545,-3.3084994506835534,0,0,40.3333333333333333,82528,2017-01-05,1,4,none
1229,72.60125091552739,30.309999704360962,0,56.5000000000000000,85267,2016-08-11,8,4,none
732,61.25824935913088,61.19000059366226,0,90.0000000000000000,83480,2018-09-20,9,4,none
1975,65.1637114606585,0,0,9.8571428571428571,78039,2017-09-21,9,4,none
1228,70.20649917602543,1.0900000035762787,0,69.5000000000000000,76756,2016-09-07,9,3,none
2233,68.72975128173832,0,0,11.0000000000000000,90541,2016-06-21,6,2,none
1864,66.14756512185805,0,0,24.0434782608695652,68621,2018-05-05,5,6,none
1416,52.71649597167973,0.7599999904632568,0,64.0833333333333333,91161,2016-05-12,5,4,none
738,35.29849670410161,0,0,59.0833333333333333,92002,2018-04-18,4,3,none
3410,65.80099990844731,0,0,1.7916666666666667,64885,2016-09-11,9,0,none
706,32.12742355346684,0,0,65.8333333333333333,83661,2017-01-24,1,2,none
856,37.644649963378946,0,0,53.5000000000000000,89617,2018-04-11,4,3,none
1456,72.48649414062506,0,0,34.0416666666666667,63073,2017-08-20,8,0,none
1466,69.73474624633792,0,0,46.6250000000000000,68523,2017-06-17,6,6,none
659,26.280499725341837,0,0,56.3750000000000000,80992,2018-04-02,4,1,none
717,27.946400146484415,0,0,68.2000000000000000,52548,2016-02-01,2,1,none
1198,68.80743181501121,0,0,4.5238095238095238,52460,2015-09-27,9,0,none
555,11.22875183105473,0,0,10.8750000000000000,87064,2017-02-02,2,4,none
410,-9.356501693725546,0,0,11.7500000000000000,59402,2017-12-30,12,6,none
1287,41.47039794921879,0,0,8.8000000000000000,33134,2016-03-06,3,0,none
2115,66.72799652099611,0,0,22.8750000000000000,87175,2017-08-07,8,1,none
881,33.43775146484379,0,0,90.0000000000000000,92093,2017-04-27,4,4,none
1595,64.43449752807622,0,0,37.5833333333333333,70208,2017-08-05,8,6,none
1738,63.42867401123053,0,0,59.5000000000000000,83493,2016-07-15,7,5,none
363,0.34249828338627153,0,0,40.0625000000000000,42463,2016-01-16,1,6,none
495,37.556463904747645,0,0,79.3076923076923077,39693,2015-12-12,12,6,none
854,59.72719329833988,0,0,56.8000000000000000,70822,2015-10-06,10,2,none
1327,74.8002514648438,0,0,12.8333333333333333,55734,2015-08-02,8,0,none
1152,48.344749908447305,0,0,39.0833333333333333,90502,2017-05-19,5,5,none
800,29.318743591308635,0,0,69.9583333333333333,89112,2018-03-21,3,3,none
824,31.438699798584036,0,0,28.5000000000000000,91959,2017-02-16,2,4,none
1408,44.37920043945316,0,0,1.2666666666666667,57657,2016-03-11,3,5,none
864,45.10691879272465,0,0,81.0000000000000000,79044,2016-10-25,10,2,none
986,63.18950164794925,6.650000154972076,0,59.2500000000000000,63627,2016-08-27,8,6,none
1734,73.77875183105472,6.0899999141693115,0,19.2500000000000000,90915,2018-09-12,9,3,none
675,31.91000183105473,0.30000001192092896,0,80.0833333333333333,47646,2016-03-04,3,5,none
1078,54.710004119873076,2.4000000953674316,0,65.4166666666666667,97051,2016-04-21,4,4,none
1199,50.566244964599655,0,0,79.8750000000000000,90915,2017-05-18,5,4,none
2102,70.42774780273443,0,0,32.6250000000000000,91455,2018-06-21,6,4,none
1846,70.32500045776371,2.5399999618530273,0,14.0000000000000000,87516,2016-06-20,6,1,none
940,32.4468674634851,0,0,32.6956521739130435,87250,2017-11-08,11,3,none
654,35.23099258422855,0,0,24.5416666666666667,62660,2017-11-26,11,0,none
616,4.664745788574259,0,0,4.0416666666666667,75280,2018-02-10,2,6,none
1339,45.77225082397465,0,0,36.2083333333333333,76105,2017-04-29,4,6,none
1286,49.51024368286138,0,0,32.4583333333333333,96921,2018-04-27,4,5,none
1775,68.47324569702154,0,0,1.00000000000000000000,86389,2016-08-05,8,5,none
364,23.119643052045074,0,0.6800000034272671,89.1176470588235294,42097,2015-12-29,12,2,none
315,20.559713657924146,0,0,1.5714285714285714,39343,2015-11-28,11,6,none
1715,69.71525238037114,0,0,20.2916666666666667,65609,2017-07-08,7,6,none
1218,73.96174514770512,35.66999965906143,0,29.6666666666666667,82397,2015-07-13,7,1,none
1466,54.45874221801761,0.25,0,1.00000000000000000000,83224,2016-09-29,9,4,none
1116,69.19849441528326,0,0,68.0833333333333333,84974,2017-06-28,6,3,none
1833,75.40024917602544,0,0,37.9583333333333333,88511,2017-06-13,6,2,none
935,45.77224853515628,0,0,50.1666666666666667,63844,2017-03-05,3,0,none
1216,66.23224761962895,0,0,82.9166666666666667,66532,2017-08-27,8,0,none
1590,68.38024871826174,32.679999470710754,0,67.3333333333333333,72037,2018-08-25,8,6,none
565,62.68549240112308,31.00999966263771,0,85.0416666666666667,84754,2015-08-18,8,2,none
1022,36.687713971819235,0,0,45.7857142857142857,52554,2016-03-10,3,4,none
922,46.24550064086918,0,0,79.8750000000000000,87598,2017-04-19,4,3,none
1002,69.34699066162113,0,0,54.7916666666666667,59558,2018-07-01,7,0,none
920,54.29299743652348,0,0,64.3333333333333333,92494,2017-04-14,4,5,none
1088,68.37724578857426,12.929999828338623,0,74.3333333333333333,85417,2016-08-19,8,5,none
671,18.210711146763437,0,0,83.2380952380952381,74750,2016-12-07,12,3,none
1770,74.57675750732426,0,0,26.2500000000000000,95067,2017-09-15,9,5,none
1101,37.26874588012699,0,0,35.1250000000000000,96852,2017-12-01,12,5,none
570,21.576613018329372,0,0,90.0000000000000000,43799,2016-01-21,1,4,none
1226,64.88975036621098,0,0,58.5833333333333333,63409,2017-08-06,8,0,none
1169,47.70233939792803,0,0,1.0434782608695652,61191,2016-10-22,10,6,none
1443,68.09074523925784,0,0,76.8750000000000000,87714,2018-08-01,8,3,none
786,37.442002563476606,0,0,75.4583333333333333,90449,2017-02-28,2,2,none
2076,74.9652478027344,0,0,17.5416666666666667,81708,2018-07-02,7,1,none
698,39.62149780273441,0,0,38.7500000000000000,46085,2016-02-19,2,5,none
